Doping,Doping concentration,Al_thick,%Al,Ion (mA/mm),GMmax (mS/mm),Vth(V)
0,2.00E+16,0.015,0.15,23.4535,74.064,-0.457
0,2.00E+16,0.015,0.17,38.9934,82.224,-0.716
0,2.00E+16,0.015,0.19,58.829,90.156,-0.977
0,2.00E+16,0.015,0.21,82.97375,97.828,-1.239
0,2.00E+16,0.015,0.23,111.45365,105.304,-1.506
0,2.00E+16,0.015,0.25,144.2335,112.492,-1.786
0,2.00E+16,0.015,0.27,181.2555,119.416,-2.067
0,2.00E+16,0.015,0.29,222.292,126.02,-2.349
0,2.00E+16,0.015,0.31,266.8915,131.646,-2.63
0,2.00E+16,0.017,0.15,34.3964,72.248,-0.695
0,2.00E+16,0.017,0.17,54.2288,80.044,-0.982
0,2.00E+16,0.017,0.19,78.8059,87.592,-1.286
0,2.00E+16,0.017,0.21,108.1394,94.88,-1.596
0,2.00E+16,0.017,0.23,142.2235,101.908,-1.899
0,2.00E+16,0.017,0.25,181.008,108.784,-2.199
0,2.00E+16,0.017,0.27,224.258,115.156,-2.496
0,2.00E+16,0.017,0.29,271.4475,121.494,-2.829
0,2.00E+16,0.017,0.31,321.441,127.66,-3.149
0,2.00E+16,0.019,0.15,46.1476,70.588,-0.933
0,2.00E+16,0.019,0.17,70.12315,78.02,-1.249
0,2.00E+16,0.019,0.19,99.27435,85.252,-1.599
0,2.00E+16,0.019,0.21,133.5915,92.336,-1.931
0,2.00E+16,0.019,0.23,173.014,99.176,-2.255
0,2.00E+16,0.019,0.25,217.2795,105.414,-2.617
0,2.00E+16,0.019,0.27,265.7295,111.636,-2.955
0,2.00E+16,0.019,0.29,316.81,117.824,-3.309
0,2.00E+16,0.019,0.31,367.442,123.512,-3.667
0,2.00E+16,0.021,0.15,58.3819,69.052,-1.171
0,2.00E+16,0.021,0.17,86.383,76.176,-1.527
0,2.00E+16,0.021,0.19,119.9615,83.228,-1.903
0,2.00E+16,0.021,0.21,159.037,90.024,-2.258
0,2.00E+16,0.021,0.23,203.323,96.32,-2.648
0,2.00E+16,0.021,0.25,252.041,102.724,-3.011
0,2.00E+16,0.021,0.27,303.249,108.812,-3.409
0,2.00E+16,0.021,0.29,353.865,114.304,-3.788
0,2.00E+16,0.021,0.31,400.6175,119.764,-4.185
0,2.00E+16,0.023,0.15,70.6445,59.308,-1.409
0,2.00E+16,0.023,0.17,102.701,69.6444,-1.804
0,2.00E+16,0.023,0.19,140.682,79.272,-2.202
0,2.00E+16,0.023,0.21,184.399,87.84,-2.616
0,2.00E+16,0.023,0.23,233.112,94.372,-3.008
0,2.00E+16,0.023,0.25,284.938,100.384,-3.435
0,2.00E+16,0.023,0.27,335.877,106.092,-3.859
0,2.00E+16,0.023,0.29,382.912,111.552,-4.268
0,2.00E+16,0.023,0.31,424.808,116.608,-4.703
0,2.00E+16,0.025,0.15,83.4165,60.706,-1.648
0,2.00E+16,0.025,0.17,119.244,70.488,-2.078
0,2.00E+16,0.025,0.19,161.253,79.276,-2.498
0,2.00E+16,0.025,0.21,208.773,85.96,-2.949
0,2.00E+16,0.025,0.23,259.91,92.064,-3.4
0,2.00E+16,0.025,0.25,310.584,97.824,-3.851
0,2.00E+16,0.025,0.27,357.673,103.22,-4.3
0,2.00E+16,0.025,0.29,400.77,108.572,-4.748
0,2.00E+16,0.025,0.31,439.609,113.372,-5.221
0,2.00E+16,0.027,0.15,96.2405,61.6276,-1.886
0,2.00E+16,0.027,0.17,135.683,70.748,-2.352
0,2.00E+16,0.027,0.19,181.275,78.1,-2.819
0,2.00E+16,0.027,0.21,231.347,84.116,-3.289
0,2.00E+16,0.027,0.23,281.96,89.816,-3.763
0,2.00E+16,0.027,0.25,329.266,95.388,-4.246
0,2.00E+16,0.027,0.27,372.885,100.776,-4.739
0,2.00E+16,0.027,0.29,413.529,105.792,-5.237
0,2.00E+16,0.027,0.31,450.38,110.376,-5.739
0,2.00E+16,0.029,0.15,109.038,62.13,-2.124
0,2.00E+16,0.029,0.17,151.839,70.3,-2.624
0,2.00E+16,0.029,0.19,200.224,76.388,-3.129
0,2.00E+16,0.029,0.21,250.728,82.268,-3.638
0,2.00E+16,0.029,0.23,298.585,87.924,-4.153
0,2.00E+16,0.029,0.25,342.646,93.284,-4.673
0,2.00E+16,0.029,0.27,384.037,98.38,-5.197
0,2.00E+16,0.029,0.29,423.069,103.172,-5.726
0,2.00E+16,0.029,0.31,458.558,107.584,-6.264
0,4.00E+16,0.015,0.15,23.32005,72.192,-0.46
0,4.00E+16,0.015,0.17,38.61695,80.072,-0.719
0,4.00E+16,0.015,0.19,58.08875,87.8,-0.98
0,4.00E+16,0.015,0.21,81.749,95.28,-1.242
0,4.00E+16,0.015,0.23,109.61295,102.536,-1.511
0,4.00E+16,0.015,0.25,141.659,109.532,-1.791
0,4.00E+16,0.015,0.27,177.815,116.268,-2.072
0,4.00E+16,0.015,0.29,217.8475,122.672,-2.353
0,4.00E+16,0.015,0.31,261.2985,128.162,-2.633
0,4.00E+16,0.017,0.15,34.1598,70.408,-0.699
0,4.00E+16,0.017,0.17,53.65615,77.984,-0.986
0,4.00E+16,0.017,0.19,77.75955,85.308,-1.292
0,4.00E+16,0.017,0.21,106.4902,92.392,-1.601
0,4.00E+16,0.017,0.23,139.838,99.308,-1.903
0,4.00E+16,0.017,0.25,177.7445,106.012,-2.203
0,4.00E+16,0.017,0.27,219.9695,112.06,-2.5
0,4.00E+16,0.017,0.29,265.9735,118.254,-2.835
0,4.00E+16,0.017,0.31,314.582,124.28,-3.153
0,4.00E+16,0.019,0.15,45.7992,68.844,-0.938
0,4.00E+16,0.019,0.17,69.3548,76.064,-1.257
0,4.00E+16,0.019,0.19,97.94375,83.176,-1.606
0,4.00E+16,0.019,0.21,131.56,90.064,-1.936
0,4.00E+16,0.019,0.23,170.127,96.7,-2.265
0,4.00E+16,0.019,0.25,213.3845,102.794,-2.624
0,4.00E+16,0.019,0.27,260.664,108.88,-2.96
0,4.00E+16,0.019,0.29,310.3355,114.856,-3.317
0,4.00E+16,0.019,0.31,359.348,120.32,-3.673
0,4.00E+16,0.021,0.15,57.9195,67.392,-1.178
0,4.00E+16,0.021,0.17,85.42165,74.332,-1.537
0,4.00E+16,0.021,0.19,118.3477,81.232,-1.91
0,4.00E+16,0.021,0.21,156.6135,87.82,-2.269
0,4.00E+16,0.021,0.23,199.9245,93.958,-2.656
0,4.00E+16,0.021,0.25,247.476,100.212,-3.023
0,4.00E+16,0.021,0.27,297.288,106.08,-3.417
0,4.00E+16,0.021,0.29,346.3245,111.412,-3.799
0,4.00E+16,0.021,0.31,391.409,116.728,-4.192
0,4.00E+16,0.023,0.15,70.0896,58.1972,-1.418
0,4.00E+16,0.023,0.17,101.567,68.208,-1.815
0,4.00E+16,0.023,0.19,138.803,77.528,-2.211
0,4.00E+16,0.023,0.21,181.599,85.784,-2.626
0,4.00E+16,0.023,0.23,229.193,92.1,-3.023
0,4.00E+16,0.023,0.25,279.64,97.876,-3.443
0,4.00E+16,0.023,0.27,328.949,103.492,-3.869
0,4.00E+16,0.023,0.29,374.342,108.7,-4.282
0,4.00E+16,0.023,0.31,414.604,113.664,-4.712
0,4.00E+16,0.025,0.15,82.7625,59.558,-1.658
0,4.00E+16,0.025,0.17,117.94,69.024,-2.091
0,4.00E+16,0.025,0.19,159.115,77.496,-2.514
0,4.00E+16,0.025,0.21,205.594,83.96,-2.959
0,4.00E+16,0.025,0.23,255.418,89.824,-3.411
0,4.00E+16,0.025,0.25,304.493,95.476,-3.864
0,4.00E+16,0.025,0.27,349.982,100.712,-4.315
0,4.00E+16,0.025,0.29,391.589,105.856,-4.764
0,4.00E+16,0.025,0.31,428.884,110.544,-5.231
0,4.00E+16,0.027,0.15,95.5007,60.4544,-1.899
0,4.00E+16,0.027,0.17,134.222,69.256,-2.366
0,4.00E+16,0.027,0.19,178.882,76.264,-2.835
0,4.00E+16,0.027,0.21,227.746,82.156,-3.306
0,4.00E+16,0.027,0.23,276.812,87.74,-3.782
0,4.00E+16,0.027,0.25,322.526,93.04,-4.263
0,4.00E+16,0.027,0.27,364.689,98.304,-4.75
0,4.00E+16,0.027,0.29,403.951,103.196,-5.248
0,4.00E+16,0.027,0.31,439.31,107.652,-5.751
0,4.00E+16,0.029,0.15,108.226,60.94,-2.14
0,4.00E+16,0.029,0.17,150.23,68.776,-2.64
0,4.00E+16,0.029,0.19,197.55,74.592,-3.144
0,4.00E+16,0.029,0.21,246.614,80.336,-3.654
0,4.00E+16,0.029,0.23,292.865,85.86,-4.168
0,4.00E+16,0.029,0.25,335.465,91.084,-4.688
0,4.00E+16,0.029,0.27,375.505,96.048,-5.211
0,4.00E+16,0.029,0.29,413.229,100.696,-5.739
0,4.00E+16,0.029,0.31,447.258,104.96,-6.286
0,6.00E+16,0.015,0.15,23.2529,70.74,-0.463
0,6.00E+16,0.015,0.17,38.3661,78.412,-0.722
0,6.00E+16,0.015,0.19,57.55785,85.972,-0.983
0,6.00E+16,0.015,0.21,80.84855,93.312,-1.245
0,6.00E+16,0.015,0.23,108.24265,100.408,-1.517
0,6.00E+16,0.015,0.25,139.7185,107.248,-1.797
0,6.00E+16,0.015,0.27,175.2005,113.824,-2.077
0,6.00E+16,0.015,0.29,214.45,120.068,-2.357
0,6.00E+16,0.015,0.31,256.999,125.444,-2.637
0,6.00E+16,0.017,0.15,34.02735,68.992,-0.703
0,6.00E+16,0.017,0.17,53.268,76.384,-0.99
0,6.00E+16,0.017,0.19,77.0165,83.576,-1.298
0,6.00E+16,0.017,0.21,105.28465,90.548,-1.606
0,6.00E+16,0.017,0.23,138.0625,97.308,-1.908
0,6.00E+16,0.017,0.25,175.2895,103.86,-2.207
0,6.00E+16,0.017,0.27,216.717,109.652,-2.509
0,6.00E+16,0.017,0.29,261.7945,115.726,-2.841
0,6.00E+16,0.017,0.31,309.311,121.636,-3.158
0,6.00E+16,0.019,0.15,45.59135,67.46,-0.944
0,6.00E+16,0.019,0.17,68.82405,74.56,-1.266
0,6.00E+16,0.019,0.19,96.976,81.528,-1.612
0,6.00E+16,0.019,0.21,130.0395,88.252,-1.942
0,6.00E+16,0.019,0.23,167.935,94.728,-2.274
0,6.00E+16,0.019,0.25,210.3935,100.702,-2.63
0,6.00E+16,0.019,0.27,256.7275,106.676,-2.965
0,6.00E+16,0.019,0.29,305.2725,112.48,-3.325
0,6.00E+16,0.019,0.31,352.957,117.76,-3.678
0,6.00E+16,0.021,0.15,57.64105,66.072,-1.185
0,6.00E+16,0.021,0.17,84.75975,72.904,-1.547
0,6.00E+16,0.021,0.19,117.18135,79.644,-1.918
0,6.00E+16,0.021,0.21,154.813,86.064,-2.28
0,6.00E+16,0.021,0.23,197.356,92.076,-2.663
0,6.00E+16,0.021,0.25,243.9685,98.2,-3.034
0,6.00E+16,0.021,0.27,292.6525,103.892,-3.424
0,6.00E+16,0.021,0.29,340.4015,109.164,-3.81
0,6.00E+16,0.021,0.31,384.059,114.276,-4.199
0,6.00E+16,0.023,0.15,69.7605,57.3368,-1.427
0,6.00E+16,0.023,0.17,100.793,67.0856,-1.826
0,6.00E+16,0.023,0.19,137.448,76.152,-2.219
0,6.00E+16,0.023,0.21,179.52,84.148,-2.635
0,6.00E+16,0.023,0.23,226.226,90.284,-3.036
0,6.00E+16,0.023,0.25,275.557,95.864,-3.452
0,6.00E+16,0.023,0.27,323.532,101.416,-3.879
0,6.00E+16,0.023,0.29,367.588,106.408,-4.296
0,6.00E+16,0.023,0.31,406.481,111.3,-4.72
0,6.00E+16,0.025,0.15,82.3787,58.6676,-1.669
0,6.00E+16,0.025,0.17,117.056,67.876,-2.103
0,6.00E+16,0.025,0.19,157.58,76.088,-2.53
0,6.00E+16,0.025,0.21,203.235,82.368,-2.969
0,6.00E+16,0.025,0.23,251.995,88.028,-3.422
0,6.00E+16,0.025,0.25,299.761,93.6,-3.876
0,6.00E+16,0.025,0.27,343.948,98.756,-4.329
0,6.00E+16,0.025,0.29,384.342,103.672,-4.781
0,6.00E+16,0.025,0.31,420.33,108.268,-5.241
0,6.00E+16,0.027,0.15,95.0744,59.5432,-1.912
0,6.00E+16,0.027,0.17,133.24,68.084,-2.38
0,6.00E+16,0.027,0.19,177.167,74.788,-2.85
0,6.00E+16,0.027,0.21,225.056,80.592,-3.323
0,6.00E+16,0.027,0.23,272.852,86.084,-3.8
0,6.00E+16,0.027,0.25,317.267,91.292,-4.282
0,6.00E+16,0.027,0.27,358.246,96.316,-4.771
0,6.00E+16,0.027,0.29,396.384,101.112,-5.267
0,6.00E+16,0.027,0.31,430.471,105.46,-5.772
0,6.00E+16,0.029,0.15,107.768,60.0068,-2.155
0,6.00E+16,0.029,0.17,149.155,67.56,-2.655
0,6.00E+16,0.029,0.19,195.624,73.244,-3.16
0,6.00E+16,0.029,0.21,243.502,78.78,-3.669
0,6.00E+16,0.029,0.23,288.437,84.196,-4.183
0,6.00E+16,0.029,0.25,329.849,89.32,-4.702
0,6.00E+16,0.029,0.27,368.795,94.168,-5.225
0,6.00E+16,0.029,0.29,405.454,98.708,-5.754
0,6.00E+16,0.029,0.31,438.226,102.84,-6.307
0,8.00E+16,0.015,0.15,23.23065,69.544,-0.466
0,8.00E+16,0.015,0.17,38.2009,77.04,-0.725
0,8.00E+16,0.015,0.19,57.1703,84.456,-0.986
0,8.00E+16,0.015,0.21,80.15935,91.668,-1.248
0,8.00E+16,0.015,0.23,107.17165,98.636,-1.523
0,8.00E+16,0.015,0.25,138.183,105.344,-1.802
0,8.00E+16,0.015,0.27,173.1135,111.792,-2.081
0,8.00E+16,0.015,0.29,211.718,117.904,-2.361
0,8.00E+16,0.015,0.31,253.522,123.188,-2.641
0,8.00E+16,0.017,0.15,33.96615,67.856,-0.707
0,8.00E+16,0.017,0.17,53.0066,75.116,-0.994
0,8.00E+16,0.017,0.19,76.4684,82.18,-1.305
0,8.00E+16,0.017,0.21,104.3629,89.024,-1.611
0,8.00E+16,0.017,0.23,136.6795,95.656,-1.913
0,8.00E+16,0.017,0.25,173.351,102.08,-2.211
0,8.00E+16,0.017,0.27,214.1235,107.702,-2.517
0,8.00E+16,0.017,0.29,258.436,113.624,-2.847
0,8.00E+16,0.017,0.31,305.039,119.44,-3.163
0,8.00E+16,0.019,0.15,45.48735,66.336,-0.949
0,8.00E+16,0.019,0.17,68.46805,73.352,-1.275
0,8.00E+16,0.019,0.19,96.27405,80.184,-1.619
0,8.00E+16,0.019,0.21,128.8965,86.78,-1.947
0,8.00E+16,0.019,0.23,166.2525,93.116,-2.284
0,8.00E+16,0.019,0.25,208.0645,98.994,-2.637
0,8.00E+16,0.019,0.27,253.6285,104.88,-2.971
0,8.00E+16,0.019,0.29,301.243,110.54,-3.333
0,8.00E+16,0.019,0.31,347.81,115.664,-3.684
0,8.00E+16,0.021,0.15,57.49805,64.996,-1.192
0,8.00E+16,0.021,0.17,84.31665,71.752,-1.557
0,8.00E+16,0.021,0.19,116.3366,78.352,-1.925
0,8.00E+16,0.021,0.21,153.462,84.624,-2.291
0,8.00E+16,0.021,0.23,195.3835,90.534,-2.671
0,8.00E+16,0.021,0.25,241.236,96.564,-3.045
0,8.00E+16,0.021,0.27,288.9865,102.1,-3.431
0,8.00E+16,0.021,0.29,335.662,107.324,-3.82
0,8.00E+16,0.021,0.31,378.102,112.264,-4.206
0,8.00E+16,0.023,0.15,69.5974,56.658,-1.436
0,8.00E+16,0.023,0.17,100.282,66.1876,-1.837
0,8.00E+16,0.023,0.19,136.478,75.044,-2.227
0,8.00E+16,0.023,0.21,177.971,82.82,-2.645
0,8.00E+16,0.023,0.23,223.954,88.804,-3.049
0,8.00E+16,0.023,0.25,272.36,94.22,-3.46
0,8.00E+16,0.023,0.27,319.22,99.716,-3.889
0,8.00E+16,0.023,0.29,362.16,104.584,-4.309
0,8.00E+16,0.023,0.31,399.87,109.352,-4.728
0,8.00E+16,0.025,0.15,82.1933,57.964,-1.68
0,8.00E+16,0.025,0.17,116.48,66.9568,-2.116
0,8.00E+16,0.025,0.19,156.487,74.944,-2.545
0,8.00E+16,0.025,0.21,201.475,81.068,-2.979
0,8.00E+16,0.025,0.23,249.353,86.552,-3.433
0,8.00E+16,0.025,0.25,296.021,92.064,-3.888
0,8.00E+16,0.025,0.27,339.123,97.16,-4.343
0,8.00E+16,0.025,0.29,378.506,101.872,-4.797
0,8.00E+16,0.025,0.31,413.35,106.396,-5.251
0,8.00E+16,0.027,0.15,94.8783,58.822,-1.925
0,8.00E+16,0.027,0.17,132.609,67.144,-2.393
0,8.00E+16,0.027,0.19,175.948,73.58,-2.864
0,8.00E+16,0.027,0.21,223.032,79.308,-3.339
0,8.00E+16,0.027,0.23,269.757,84.728,-3.817
0,8.00E+16,0.027,0.25,313.088,89.868,-4.3
0,8.00E+16,0.027,0.27,353.084,94.672,-4.79
0,8.00E+16,0.027,0.29,390.285,99.392,-5.287
0,8.00E+16,0.027,0.31,423.242,103.652,-5.791
0,8.00E+16,0.029,0.15,107.572,59.27,-2.17
0,8.00E+16,0.029,0.17,148.471,66.572,-2.67
0,8.00E+16,0.029,0.19,194.244,72.172,-3.175
0,8.00E+16,0.029,0.21,241.12,77.536,-3.684
0,8.00E+16,0.029,0.23,284.951,82.828,-4.198
0,8.00E+16,0.029,0.25,325.375,87.864,-4.716
0,8.00E+16,0.029,0.27,363.413,92.624,-5.239
0,8.00E+16,0.029,0.29,399.185,97.068,-5.777
0,8.00E+16,0.029,0.31,430.83,101.092,-6.327
0,1.00E+17,0.015,0.15,23.2441,68.56,-0.469
0,1.00E+17,0.015,0.17,38.10295,75.944,-0.728
0,1.00E+17,0.015,0.19,56.8946,83.2,-0.989
0,1.00E+17,0.015,0.21,79.6396,90.304,-1.252
0,1.00E+17,0.015,0.23,106.3409,97.16,-1.529
0,1.00E+17,0.015,0.25,136.977,103.772,-1.807
0,1.00E+17,0.015,0.27,171.4475,110.104,-2.086
0,1.00E+17,0.015,0.29,209.5195,116.108,-2.365
0,1.00E+17,0.015,0.31,250.704,121.312,-2.645
0,1.00E+17,0.017,0.15,33.96105,66.924,-0.711
0,1.00E+17,0.017,0.17,52.84425,74.068,-0.999
0,1.00E+17,0.017,0.19,76.0763,81.02,-1.311
0,1.00E+17,0.017,0.21,103.66855,87.76,-1.617
0,1.00E+17,0.017,0.23,135.6085,94.288,-1.917
0,1.00E+17,0.017,0.25,171.825,100.6,-2.216
0,1.00E+17,0.017,0.27,212.0585,106.15,-2.525
0,1.00E+17,0.017,0.29,255.736,111.868,-2.853
0,1.00E+17,0.017,0.31,301.5695,117.608,-3.168
0,1.00E+17,0.019,0.15,45.46795,65.444,-0.955
0,1.00E+17,0.019,0.17,68.25325,72.384,-1.284
0,1.00E+17,0.019,0.19,95.787,79.1,-1.626
0,1.00E+17,0.019,0.21,128.058,85.584,-1.953
0,1.00E+17,0.019,0.23,164.98,91.808,-2.293
0,1.00E+17,0.019,0.25,206.269,97.604,-2.643
0,1.00E+17,0.019,0.27,251.2055,103.412,-2.976
0,1.00E+17,0.019,0.29,298.051,108.956,-3.341
0,1.00E+17,0.019,0.31,343.667,113.944,-3.69
0,1.00E+17,0.021,0.15,57.46475,64.132,-1.199
0,1.00E+17,0.021,0.17,84.051,70.82,-1.567
0,1.00E+17,0.021,0.19,115.75435,77.3,-1.932
0,1.00E+17,0.021,0.21,152.4745,83.452,-2.302
0,1.00E+17,0.021,0.23,193.8955,89.274,-2.678
0,1.00E+17,0.021,0.25,239.128,95.224,-3.056
0,1.00E+17,0.021,0.27,286.105,100.628,-3.439
0,1.00E+17,0.021,0.29,331.8815,105.816,-3.83
0,1.00E+17,0.021,0.31,373.272,110.608,-4.213
0,1.00E+17,0.023,0.15,69.5602,56.1164,-1.445
0,1.00E+17,0.023,0.17,99.9704,65.4608,-1.848
0,1.00E+17,0.023,0.19,135.798,74.14,-2.236
0,1.00E+17,0.023,0.21,176.819,81.72,-2.654
0,1.00E+17,0.023,0.23,222.205,87.576,-3.062
0,1.00E+17,0.023,0.25,269.829,92.88,-3.469
0,1.00E+17,0.023,0.27,315.739,98.3,-3.899
0,1.00E+17,0.023,0.29,357.73,103.128,-4.321
0,1.00E+17,0.023,0.31,394.386,107.728,-4.737
0,1.00E+17,0.025,0.15,82.1583,57.4016,-1.691
0,1.00E+17,0.025,0.17,116.157,66.2392,-2.128
0,1.00E+17,0.025,0.19,155.727,74.008,-2.56
0,1.00E+17,0.025,0.21,200.167,79.992,-2.989
0,1.00E+17,0.025,0.23,247.298,85.332,-3.444
0,1.00E+17,0.025,0.25,293.027,90.788,-3.899
0,1.00E+17,0.025,0.27,335.207,95.832,-4.356
0,1.00E+17,0.025,0.29,373.731,100.384,-4.812
0,1.00E+17,0.025,0.31,407.537,104.828,-5.269
0,1.00E+17,0.027,0.15,94.8563,58.2432,-1.938
0,1.00E+17,0.027,0.17,132.242,66.372,-2.407
0,1.00E+17,0.027,0.19,175.103,72.616,-2.879
0,1.00E+17,0.027,0.21,221.507,78.24,-3.354
0,1.00E+17,0.027,0.23,267.312,83.6,-3.833
0,1.00E+17,0.027,0.25,309.722,88.684,-4.318
0,1.00E+17,0.027,0.27,348.885,93.428,-4.808
0,1.00E+17,0.027,0.29,385.29,97.948,-5.305
0,1.00E+17,0.027,0.31,417.206,102.132,-5.809
0,1.00E+17,0.029,0.15,107.572,58.6724,-2.185
0,1.00E+17,0.029,0.17,148.081,65.756,-2.685
0,1.00E+17,0.029,0.19,193.274,71.284,-3.189
0,1.00E+17,0.029,0.21,239.284,76.58,-3.698
0,1.00E+17,0.029,0.23,282.173,81.684,-4.212
0,1.00E+17,0.029,0.25,321.759,86.644,-4.73
0,1.00E+17,0.029,0.27,359.029,91.328,-5.254
0,1.00E+17,0.029,0.29,394.048,95.692,-5.799
0,1.00E+17,0.029,0.31,424.637,99.616,-6.346
0,2.00E+17,0.015,0.15,26.379955,65.19,-0.49
0,2.00E+17,0.015,0.17,40.46605,72.378,-0.821
0,2.00E+17,0.015,0.19,56.5157,79.284,-1.011
0,2.00E+17,0.015,0.21,80.15065,85.9,-1.348
0,2.00E+17,0.015,0.23,105.70765,91.64,-1.6
0,2.00E+17,0.015,0.25,134.9846,98.588,-1.879
0,2.00E+17,0.015,0.27,167.825,103.824,-2.182
0,2.00E+17,0.015,0.29,203.9045,108.507,-2.415
0,2.00E+17,0.015,0.31,242.517,114.326,-2.757
0,2.00E+17,0.017,0.15,34.44235,64.012,-0.734
0,2.00E+17,0.017,0.17,52.9187,70.784,-1.035
0,2.00E+17,0.017,0.19,75.50195,77.364,-1.342
0,2.00E+17,0.017,0.21,102.21075,83.744,-1.643
0,2.00E+17,0.017,0.23,133.025,89.924,-1.941
0,2.00E+17,0.017,0.25,167.845,95.872,-2.238
0,2.00E+17,0.017,0.27,206.3945,101.194,-2.562
0,2.00E+17,0.017,0.29,248.059,106.324,-2.881
0,2.00E+17,0.017,0.31,291.285,111.632,-3.192
0,2.00E+17,0.019,0.15,46.0502,62.684,-0.984
0,2.00E+17,0.019,0.17,68.31315,69.24,-1.325
0,2.00E+17,0.019,0.19,95.06605,75.576,-1.658
0,2.00E+17,0.019,0.21,126.2925,81.676,-1.982
0,2.00E+17,0.019,0.23,161.8945,87.504,-2.335
0,2.00E+17,0.019,0.25,201.541,93.06,-2.675
0,2.00E+17,0.019,0.27,244.4195,98.636,-3.008
0,2.00E+17,0.019,0.29,288.6545,103.752,-3.378
0,2.00E+17,0.019,0.31,330.749,108.208,-3.719
0,2.00E+17,0.021,0.15,58.18435,61.472,-1.235
0,2.00E+17,0.021,0.17,84.14655,67.82,-1.613
0,2.00E+17,0.021,0.19,114.9403,73.88,-1.969
0,2.00E+17,0.021,0.21,150.45,79.596,-2.351
0,2.00E+17,0.021,0.23,190.311,85.136,-2.715
0,2.00E+17,0.021,0.25,233.515,90.844,-3.105
0,2.00E+17,0.021,0.27,277.847,95.896,-3.475
0,2.00E+17,0.021,0.29,320.471,100.892,-3.876
0,2.00E+17,0.021,0.31,357.6275,105.076,-4.248
0,2.00E+17,0.023,0.15,70.5063,54.6148,-1.489
0,2.00E+17,0.023,0.17,100.195,63.3328,-1.9
0,2.00E+17,0.023,0.19,134.982,71.384,-2.296
0,2.00E+17,0.023,0.21,174.605,78.264,-2.701
0,2.00E+17,0.023,0.23,218.104,83.624,-3.119
0,2.00E+17,0.023,0.25,263.068,88.848,-3.52
0,2.00E+17,0.023,0.27,305.805,93.772,-3.946
0,2.00E+17,0.023,0.29,344.402,98.468,-4.377
0,2.00E+17,0.023,0.31,376.414,102.468,-4.8
0,2.00E+17,0.025,0.15,83.3325,55.8264,-1.743
0,2.00E+17,0.025,0.17,116.515,64.024,-2.185
0,2.00E+17,0.025,0.19,154.89,71.08,-2.626
0,2.00E+17,0.025,0.21,197.619,76.548,-3.063
0,2.00E+17,0.025,0.23,242.194,81.768,-3.495
0,2.00E+17,0.025,0.25,284.757,86.66,-3.955
0,2.00E+17,0.025,0.27,323.664,91.556,-4.416
0,2.00E+17,0.025,0.29,359.244,95.98,-4.88
0,2.00E+17,0.025,0.31,387.976,99.876,-5.346
0,2.00E+17,0.027,0.15,96.3066,56.6,-2
0,2.00E+17,0.027,0.17,132.762,64.024,-2.471
0,2.00E+17,0.027,0.19,174.181,69.752,-2.946
0,2.00E+17,0.027,0.21,218.27,74.908,-3.424
0,2.00E+17,0.027,0.23,260.922,79.98,-3.907
0,2.00E+17,0.027,0.25,300.055,84.868,-4.394
0,2.00E+17,0.027,0.27,336.386,89.44,-4.886
0,2.00E+17,0.027,0.29,370.071,93.668,-5.384
0,2.00E+17,0.027,0.31,396.419,97.468,-5.888
0,2.00E+17,0.029,0.15,109.337,56.9428,-2.262
0,2.00E+17,0.029,0.17,148.747,63.128,-2.761
0,2.00E+17,0.029,0.19,192.015,68.444,-3.267
0,2.00E+17,0.029,0.21,234.998,73.56,-3.78
0,2.00E+17,0.029,0.23,274.512,78.42,-4.3
0,2.00E+17,0.029,0.25,311.247,83.048,-4.826
0,2.00E+17,0.029,0.27,345.919,87.428,-5.356
0,2.00E+17,0.029,0.29,378.365,91.52,-5.891
0,2.00E+17,0.029,0.31,402.904,95.216,-6.428
0,4.00E+17,0.015,0.15,25.13655,63.08,-0.536
0,4.00E+17,0.015,0.17,39.74365,69.764,-0.801
0,4.00E+17,0.015,0.19,57.86775,76.252,-1.068
0,4.00E+17,0.015,0.21,79.52615,82.544,-1.337
0,4.00E+17,0.015,0.23,104.7226,88.632,-1.607
0,4.00E+17,0.015,0.25,133.407,94.488,-1.879
0,4.00E+17,0.015,0.27,165.443,100.076,-2.152
0,4.00E+17,0.015,0.29,200.542,105.296,-2.427
0,4.00E+17,0.015,0.31,238.0535,109.878,-2.702
0,4.00E+17,0.017,0.15,36.5097,61.776,-0.8
0,4.00E+17,0.017,0.17,54.95275,68.2,-1.101
0,4.00E+17,0.017,0.19,77.28705,74.444,-1.399
0,4.00E+17,0.017,0.21,103.52935,80.492,-1.695
0,4.00E+17,0.017,0.23,133.6465,86.328,-1.989
0,4.00E+17,0.017,0.25,167.518,91.924,-2.309
0,4.00E+17,0.017,0.27,204.808,97.096,-2.625
0,4.00E+17,0.017,0.29,244.793,102.088,-2.934
0,4.00E+17,0.017,0.31,284.9335,106.664,-3.238
0,4.00E+17,0.019,0.15,48.75435,60.592,-1.066
0,4.00E+17,0.019,0.17,70.94565,66.764,-1.398
0,4.00E+17,0.019,0.19,97.38925,72.712,-1.721
0,4.00E+17,0.019,0.21,128.0565,78.4,-2.066
0,4.00E+17,0.019,0.23,162.818,83.792,-2.407
0,4.00E+17,0.019,0.25,201.2645,89.17,-2.736
0,4.00E+17,0.019,0.27,242.4115,94.616,-3.099
0,4.00E+17,0.019,0.29,284.097,99.232,-3.444
0,4.00E+17,0.019,0.31,319.784,103.584,-3.798
0,4.00E+17,0.021,0.15,61.61335,59.508,-1.336
0,4.00E+17,0.021,0.17,87.4774,65.416,-1.695
0,4.00E+17,0.021,0.19,117.902,71.144,-2.066
0,4.00E+17,0.021,0.21,152.7315,76.474,-2.435
0,4.00E+17,0.021,0.23,191.4925,81.812,-2.811
0,4.00E+17,0.021,0.25,232.9265,87.2,-3.189
0,4.00E+17,0.021,0.27,274.607,92.188,-3.576
0,4.00E+17,0.021,0.29,313.884,96.596,-3.957
0,4.00E+17,0.021,0.31,340.8635,100.74,-4.358
0,4.00E+17,0.023,0.15,74.8037,54.0344,-1.609
0,4.00E+17,0.023,0.17,104.367,62.1012,-1.993
0,4.00E+17,0.023,0.19,138.701,69.444,-2.408
0,4.00E+17,0.023,0.21,177.443,75.36,-2.812
0,4.00E+17,0.023,0.23,219.326,80.508,-3.216
0,4.00E+17,0.023,0.25,261.413,85.396,-3.641
0,4.00E+17,0.023,0.27,300.554,90.132,-4.055
0,4.00E+17,0.023,0.29,335.685,94.344,-4.473
0,4.00E+17,0.023,0.31,353.916,98.24,-4.912
0,4.00E+17,0.025,0.15,88.5395,55.1492,-1.884
0,4.00E+17,0.025,0.17,121.531,62.588,-2.313
0,4.00E+17,0.025,0.19,159.308,68.696,-2.739
0,4.00E+17,0.025,0.21,200.609,73.816,-3.189
0,4.00E+17,0.025,0.23,242.323,78.688,-3.639
0,4.00E+17,0.025,0.25,281.25,83.556,-4.09
0,4.00E+17,0.025,0.27,316.868,87.968,-4.538
0,4.00E+17,0.025,0.29,349.35,92.02,-4.991
0,4.00E+17,0.025,0.31,362.219,95.72,-5.464
0,4.00E+17,0.027,0.15,102.502,55.7928,-2.161
0,4.00E+17,0.027,0.17,138.681,62.272,-2.629
0,4.00E+17,0.027,0.19,179.025,67.32,-3.1
0,4.00E+17,0.027,0.21,220.477,72.36,-3.574
0,4.00E+17,0.027,0.23,259.386,77.204,-4.051
0,4.00E+17,0.027,0.25,295.19,81.732,-4.535
0,4.00E+17,0.027,0.27,328.624,85.96,-5.024
0,4.00E+17,0.027,0.29,359.462,89.852,-5.521
0,4.00E+17,0.027,0.31,368.487,93.32,-6.026
0,4.00E+17,0.029,0.15,116.562,55.896,-2.44
0,4.00E+17,0.029,0.17,155.396,61.248,-2.94
0,4.00E+17,0.029,0.19,196.606,66.268,-3.445
0,4.00E+17,0.029,0.21,235.713,71.048,-3.954
0,4.00E+17,0.029,0.23,271.7,75.616,-4.468
0,4.00E+17,0.029,0.25,305.517,79.972,-4.986
0,4.00E+17,0.029,0.27,337.566,84.084,-5.515
0,4.00E+17,0.029,0.29,367.328,87.916,-6.059
0,4.00E+17,0.029,0.31,373.581,91.32,-6.604
0,6.00E+17,0.015,0.15,27.00195,62.268,-0.589
0,6.00E+17,0.015,0.17,41.87995,68.8,-0.852
0,6.00E+17,0.015,0.19,60.17805,75.148,-1.117
0,6.00E+17,0.015,0.21,81.91615,81.304,-1.383
0,6.00E+17,0.015,0.23,107.09455,87.256,-1.651
0,6.00E+17,0.015,0.25,135.6515,92.976,-1.921
0,6.00E+17,0.015,0.27,167.4335,98.416,-2.192
0,6.00E+17,0.015,0.29,202.122,103.064,-2.465
0,6.00E+17,0.015,0.31,238.737,106.924,-2.739
0,6.00E+17,0.017,0.15,39.1216,61.016,-0.864
0,6.00E+17,0.017,0.17,57.86315,67.268,-1.158
0,6.00E+17,0.017,0.19,80.39175,73.336,-1.451
0,6.00E+17,0.017,0.21,106.7213,79.204,-1.743
0,6.00E+17,0.017,0.23,136.8085,84.856,-2.061
0,6.00E+17,0.017,0.25,170.5055,90.252,-2.373
0,6.00E+17,0.017,0.27,207.4295,95.41,-2.679
0,6.00E+17,0.017,0.29,246.737,100.408,-2.982
0,6.00E+17,0.017,0.31,283.4385,104.328,-3.311
0,6.00E+17,0.019,0.15,52.2033,59.872,-1.142
0,6.00E+17,0.019,0.17,74.7345,65.82,-1.464
0,6.00E+17,0.019,0.19,101.3994,71.692,-1.801
0,6.00E+17,0.019,0.21,132.1575,77.392,-2.142
0,6.00E+17,0.019,0.23,166.841,82.564,-2.471
0,6.00E+17,0.019,0.25,204.9565,87.684,-2.824
0,6.00E+17,0.019,0.27,245.3235,92.856,-3.17
0,6.00E+17,0.019,0.29,285.5535,97.6,-3.506
0,6.00E+17,0.019,0.31,313.4005,101.264,-3.88
0,6.00E+17,0.021,0.15,65.99705,58.808,-1.424
0,6.00E+17,0.021,0.17,92.24805,64.652,-1.783
0,6.00E+17,0.021,0.19,122.9075,70.308,-2.158
0,6.00E+17,0.021,0.21,157.784,75.556,-2.517
0,6.00E+17,0.021,0.23,196.2595,80.856,-2.904
0,6.00E+17,0.021,0.25,236.803,85.948,-3.272
0,6.00E+17,0.021,0.27,276.905,90.564,-3.666
0,6.00E+17,0.021,0.29,314.0465,95.056,-4.05
0,6.00E+17,0.021,0.31,330.176,98.5,-4.442
0,6.00E+17,0.023,0.15,80.2577,54.444,-1.71
0,6.00E+17,0.023,0.17,110.25,62.114,-2.116
0,6.00E+17,0.023,0.19,144.806,68.952,-2.501
0,6.00E+17,0.023,0.21,183.427,74.348,-2.921
0,6.00E+17,0.023,0.23,224.468,79.34,-3.333
0,6.00E+17,0.023,0.25,264.712,84.148,-3.735
0,6.00E+17,0.023,0.27,301.531,88.644,-4.167
0,6.00E+17,0.023,0.29,334.572,92.876,-4.593
0,6.00E+17,0.023,0.31,340.129,96.24,-5.005
0,6.00E+17,0.025,0.15,95.1134,55.4656,-1.998
0,6.00E+17,0.025,0.17,128.536,62.38,-2.439
0,6.00E+17,0.025,0.19,166.373,67.836,-2.881
0,6.00E+17,0.025,0.21,206.894,72.824,-3.319
0,6.00E+17,0.025,0.23,246.651,77.724,-3.75
0,6.00E+17,0.025,0.25,283.221,82.2,-4.21
0,6.00E+17,0.025,0.27,316.93,86.608,-4.672
0,6.00E+17,0.025,0.29,347.569,90.668,-5.136
0,6.00E+17,0.025,0.31,347.249,93.968,-5.603
0,6.00E+17,0.027,0.15,110.255,55.9376,-2.309
0,6.00E+17,0.027,0.17,146.754,61.532,-2.767
0,6.00E+17,0.027,0.19,186.553,66.648,-3.236
0,6.00E+17,0.027,0.21,226.049,71.512,-3.716
0,6.00E+17,0.027,0.23,262.47,76.084,-4.2
0,6.00E+17,0.027,0.25,296.345,80.464,-4.688
0,6.00E+17,0.027,0.27,328.145,84.712,-5.182
0,6.00E+17,0.027,0.29,357.298,88.596,-5.68
0,6.00E+17,0.027,0.31,352.984,91.76,-6.183
0,6.00E+17,0.029,0.15,125.489,55.676,-2.617
0,6.00E+17,0.029,0.17,164.19,60.652,-3.118
0,6.00E+17,0.029,0.19,203.593,65.48,-3.623
0,6.00E+17,0.029,0.21,240.08,70.092,-4.134
0,6.00E+17,0.029,0.23,273.998,74.628,-4.65
0,6.00E+17,0.029,0.25,306.18,78.916,-5.17
0,6.00E+17,0.029,0.27,336.777,82.944,-5.696
0,6.00E+17,0.029,0.29,364.956,86.632,-6.225
0,6.00E+17,0.029,0.31,357.933,89.576,-6.763
0,8.00E+17,0.015,0.15,29.044,61.98,-0.636
0,8.00E+17,0.015,0.17,44.2773,68.432,-0.897
0,8.00E+17,0.015,0.19,62.87135,74.7,-1.161
0,8.00E+17,0.015,0.21,84.84825,80.776,-1.426
0,8.00E+17,0.015,0.23,110.2046,86.656,-1.692
0,8.00E+17,0.015,0.25,138.8695,92.288,-1.96
0,8.00E+17,0.015,0.27,170.6745,97.644,-2.23
0,8.00E+17,0.015,0.29,205.2675,102.21,-2.502
0,8.00E+17,0.015,0.31,241.0615,105.916,-2.796
0,8.00E+17,0.017,0.15,41.992,60.772,-0.92
0,8.00E+17,0.017,0.17,61.1491,66.908,-1.21
0,8.00E+17,0.017,0.19,84.03055,72.884,-1.5
0,8.00E+17,0.017,0.21,110.64745,78.692,-1.817
0,8.00E+17,0.017,0.23,140.943,84.316,-2.125
0,8.00E+17,0.017,0.25,174.746,89.348,-2.428
0,8.00E+17,0.017,0.27,211.619,94.552,-2.728
0,8.00E+17,0.017,0.29,250.5805,99.616,-3.051
0,8.00E+17,0.017,0.31,283.4725,102.868,-3.376
0,8.00E+17,0.019,0.15,55.9976,59.736,-1.209
0,8.00E+17,0.019,0.17,79.01385,65.68,-1.541
0,8.00E+17,0.019,0.19,106.0892,71.444,-1.881
0,8.00E+17,0.019,0.21,137.1655,76.996,-2.208
0,8.00E+17,0.019,0.23,172.0365,82.166,-2.551
0,8.00E+17,0.019,0.25,210.1075,87.32,-2.9
0,8.00E+17,0.019,0.27,249.981,92.3,-3.232
0,8.00E+17,0.019,0.29,289.1085,96.84,-3.599
0,8.00E+17,0.019,0.31,309.4765,100.1,-3.947
0,8.00E+17,0.021,0.15,70.8181,58.78,-1.503
0,8.00E+17,0.021,0.17,97.6246,64.496,-1.882
0,8.00E+17,0.021,0.19,128.7325,69.944,-2.236
0,8.00E+17,0.021,0.21,163.8895,75.154,-2.621
0,8.00E+17,0.021,0.23,202.3165,80.476,-2.982
0,8.00E+17,0.021,0.25,242.2045,85.288,-3.376
0,8.00E+17,0.021,0.27,281.0745,89.976,-3.742
0,8.00E+17,0.021,0.29,316.5515,94.3,-4.147
0,8.00E+17,0.021,0.31,323.7555,97.484,-4.528
0,8.00E+17,0.023,0.15,86.2286,55.1604,-1.824
0,8.00E+17,0.023,0.17,116.832,62.512,-2.215
0,8.00E+17,0.023,0.19,151.82,68.872,-2.627
0,8.00E+17,0.023,0.21,190.507,73.98,-3.021
0,8.00E+17,0.023,0.23,230.8,78.848,-3.438
0,8.00E+17,0.023,0.25,269.389,83.616,-3.859
0,8.00E+17,0.023,0.27,304.57,88.02,-4.264
0,8.00E+17,0.023,0.29,336.059,92.068,-4.696
0,8.00E+17,0.023,0.31,332.298,94.992,-5.133
0,8.00E+17,0.025,0.15,102.289,56.0672,-2.14
0,8.00E+17,0.025,0.17,136.318,62.48,-2.571
0,8.00E+17,0.025,0.19,174.343,67.588,-2.994
0,8.00E+17,0.025,0.21,214.073,72.524,-3.445
0,8.00E+17,0.025,0.23,252.031,77.164,-3.896
0,8.00E+17,0.025,0.25,286.942,81.808,-4.347
0,8.00E+17,0.025,0.27,319.307,86.028,-4.797
0,8.00E+17,0.025,0.29,348.586,89.804,-5.247
0,8.00E+17,0.025,0.31,339.014,92.824,-5.72
0,8.00E+17,0.027,0.15,118.67,56.296,-2.455
0,8.00E+17,0.027,0.17,155.578,61.508,-2.925
0,8.00E+17,0.027,0.19,194.784,66.432,-3.399
0,8.00E+17,0.027,0.21,232.293,71.068,-3.876
0,8.00E+17,0.027,0.23,266.943,75.736,-4.357
0,8.00E+17,0.027,0.25,299.474,80.116,-4.843
0,8.00E+17,0.027,0.27,330.148,84.188,-5.335
0,8.00E+17,0.027,0.29,358.06,87.904,-5.833
0,8.00E+17,0.027,0.31,344.686,90.86,-6.337
0,8.00E+17,0.029,0.15,135.058,55.6,-2.783
0,8.00E+17,0.029,0.17,173.489,60.472,-3.283
0,8.00E+17,0.029,0.19,210.906,65.312,-3.789
0,8.00E+17,0.029,0.21,245.413,69.94,-4.302
0,8.00E+17,0.029,0.23,277.898,74.352,-4.821
0,8.00E+17,0.029,0.25,308.967,78.54,-5.346
0,8.00E+17,0.029,0.27,338.58,82.472,-5.876
0,8.00E+17,0.029,0.29,365.594,86.076,-6.409
0,8.00E+17,0.029,0.31,349.787,88.82,-6.945
0,1.00E+18,0.015,0.15,31.20675,62.02,-0.678
0,1.00E+18,0.015,0.17,46.8326,68.328,-0.939
0,1.00E+18,0.015,0.19,65.78305,74.564,-1.201
0,1.00E+18,0.015,0.21,88.07475,80.592,-1.465
0,1.00E+18,0.015,0.23,113.70425,86.416,-1.73
0,1.00E+18,0.015,0.25,142.5905,91.996,-1.997
0,1.00E+18,0.015,0.27,174.5505,97.288,-2.28
0,1.00E+18,0.015,0.29,209.209,101.908,-2.566
0,1.00E+18,0.015,0.31,244.1115,105.06,-2.85
0,1.00E+18,0.017,0.15,45.02125,60.912,-0.972
0,1.00E+18,0.017,0.17,64.64165,66.984,-1.266
0,1.00E+18,0.017,0.19,87.9423,72.892,-1.576
0,1.00E+18,0.017,0.21,114.92995,78.636,-1.88
0,1.00E+18,0.017,0.23,145.5345,84.184,-2.18
0,1.00E+18,0.017,0.25,179.5585,89.146,-2.478
0,1.00E+18,0.017,0.27,216.5035,93.974,-2.795
0,1.00E+18,0.017,0.29,255.2255,99.144,-3.118
0,1.00E+18,0.017,0.31,284.3545,101.924,-3.43
0,1.00E+18,0.019,0.15,60.00075,59.88,-1.284
0,1.00E+18,0.019,0.17,83.56095,65.724,-1.622
0,1.00E+18,0.019,0.19,111.1232,71.368,-1.948
0,1.00E+18,0.019,0.21,142.6105,76.776,-2.282
0,1.00E+18,0.019,0.23,177.767,81.98,-2.632
0,1.00E+18,0.019,0.25,215.882,87.208,-2.964
0,1.00E+18,0.019,0.27,255.3275,92.02,-3.319
0,1.00E+18,0.019,0.29,293.466,96.332,-3.671
0,1.00E+18,0.019,0.31,307.4145,98.972,-4.012
0,1.00E+18,0.021,0.15,75.90075,58.904,-1.609
0,1.00E+18,0.021,0.17,103.3285,64.444,-1.964
0,1.00E+18,0.021,0.19,134.963,69.656,-2.34
0,1.00E+18,0.021,0.21,170.4725,74.85,-2.704
0,1.00E+18,0.021,0.23,208.8845,80.228,-3.087
0,1.00E+18,0.021,0.25,248.1495,85.104,-3.458
0,1.00E+18,0.021,0.27,285.933,89.74,-3.851
0,1.00E+18,0.021,0.29,319.94,93.816,-4.225
0,1.00E+18,0.021,0.31,320.2575,96.592,-4.631
0,1.00E+18,0.023,0.15,92.5198,55.982,-1.931
0,1.00E+18,0.023,0.17,123.777,62.996,-2.332
0,1.00E+18,0.023,0.19,159.286,68.872,-2.724
0,1.00E+18,0.023,0.21,198.027,73.836,-3.141
0,1.00E+18,0.023,0.23,237.463,78.76,-3.546
0,1.00E+18,0.023,0.25,274.573,83.344,-3.959
0,1.00E+18,0.023,0.27,308.449,87.78,-4.388
0,1.00E+18,0.023,0.29,338.667,91.776,-4.808
0,1.00E+18,0.023,0.31,327.995,94.44,-5.228
0,1.00E+18,0.025,0.15,109.828,56.7404,-2.256
0,1.00E+18,0.025,0.17,144.497,62.58,-2.696
0,1.00E+18,0.025,0.19,182.635,67.588,-3.138
0,1.00E+18,0.025,0.21,221.454,72.444,-3.578
0,1.00E+18,0.025,0.23,257.722,77.18,-4.011
0,1.00E+18,0.025,0.25,291.331,81.536,-4.466
0,1.00E+18,0.025,0.27,322.662,85.756,-4.929
0,1.00E+18,0.025,0.29,350.827,89.668,-5.394
0,1.00E+18,0.025,0.31,334.664,92.164,-5.861
0,1.00E+18,0.027,0.15,127.421,56.564,-2.612
0,1.00E+18,0.027,0.17,164.642,61.54,-3.077
0,1.00E+18,0.027,0.19,202.86,66.42,-3.543
0,1.00E+18,0.027,0.21,238.606,71.18,-4.012
0,1.00E+18,0.027,0.23,271.884,75.668,-4.492
0,1.00E+18,0.027,0.25,303.397,79.88,-4.981
0,1.00E+18,0.027,0.27,333.221,83.832,-5.475
0,1.00E+18,0.027,0.29,360.112,87.588,-5.973
0,1.00E+18,0.027,0.31,340.529,90.204,-6.476
0,1.00E+18,0.029,0.15,144.855,55.76,-2.956
0,1.00E+18,0.029,0.17,182.505,60.688,-3.456
0,1.00E+18,0.029,0.19,217.992,65.412,-3.961
0,1.00E+18,0.029,0.21,250.974,69.932,-4.47
0,1.00E+18,0.029,0.23,282.39,74.248,-4.984
0,1.00E+18,0.029,0.25,312.632,78.348,-5.504
0,1.00E+18,0.029,0.27,341.511,82.204,-6.042
0,1.00E+18,0.029,0.29,367.563,85.756,-6.583
0,1.00E+18,0.029,0.31,345.947,88.388,-7.126
0,2.00E+18,0.015,0.15,43.22575,63.332,-0.914
0,2.00E+18,0.015,0.17,60.94615,69.52,-1.174
0,2.00E+18,0.015,0.19,81.88355,75.536,-1.437
0,2.00E+18,0.015,0.21,106.0613,81.376,-1.701
0,2.00E+18,0.015,0.23,133.446,87.016,-1.967
0,2.00E+18,0.015,0.25,163.925,92.42,-2.234
0,2.00E+18,0.015,0.27,197.2165,97.186,-2.506
0,2.00E+18,0.015,0.29,232.715,101.624,-2.795
0,2.00E+18,0.015,0.31,262.1295,103.76,-3.082
0,2.00E+18,0.017,0.15,61.7737,62.352,-1.271
0,2.00E+18,0.017,0.17,83.90825,68.228,-1.577
0,2.00E+18,0.017,0.19,109.5975,73.948,-1.877
0,2.00E+18,0.017,0.21,138.808,79.5,-2.175
0,2.00E+18,0.017,0.23,171.391,84.572,-2.471
0,2.00E+18,0.017,0.25,206.9275,89.476,-2.78
0,2.00E+18,0.017,0.27,244.468,94.796,-3.102
0,2.00E+18,0.017,0.29,281.7915,99.128,-3.415
0,2.00E+18,0.017,0.31,294.45,100.7,-3.721
0,2.00E+18,0.019,0.15,82.0663,61.312,-1.663
0,2.00E+18,0.019,0.17,108.57155,66.876,-1.982
0,2.00E+18,0.019,0.19,138.851,72.188,-2.327
0,2.00E+18,0.019,0.21,172.657,77.512,-2.663
0,2.00E+18,0.019,0.23,209.2785,82.912,-2.989
0,2.00E+18,0.019,0.25,247.1265,87.744,-3.349
0,2.00E+18,0.019,0.27,284.092,92.26,-3.69
0,2.00E+18,0.019,0.29,317.412,96.636,-4.039
0,2.00E+18,0.019,0.31,311.3405,98.264,-4.402
0,2.00E+18,0.021,0.15,103.80435,60.472,-2.061
0,2.00E+18,0.021,0.17,134.485,65.72,-2.425
0,2.00E+18,0.021,0.19,168.747,70.988,-2.789
0,2.00E+18,0.021,0.21,205.446,76.2,-3.166
0,2.00E+18,0.021,0.23,242.552,81.116,-3.534
0,2.00E+18,0.021,0.25,278.205,85.64,-3.92
0,2.00E+18,0.021,0.27,311.159,90.204,-4.301
0,2.00E+18,0.021,0.29,339.7785,94.108,-4.69
0,2.00E+18,0.021,0.31,322.717,95.844,-5.087
0,2.00E+18,0.023,0.15,126.791,59.728,-2.471
0,2.00E+18,0.023,0.17,161.279,65.024,-2.879
0,2.00E+18,0.023,0.19,198.14,70.004,-3.27
0,2.00E+18,0.023,0.21,234.551,74.936,-3.684
0,2.00E+18,0.023,0.23,268.542,79.612,-4.099
0,2.00E+18,0.023,0.25,300.418,84.088,-4.497
0,2.00E+18,0.023,0.27,330.267,88.232,-4.931
0,2.00E+18,0.023,0.29,355.907,92.132,-5.36
0,2.00E+18,0.023,0.31,330.245,93.632,-5.779
0,2.00E+18,0.025,0.15,150.165,59.04,-2.912
0,2.00E+18,0.025,0.17,186.165,64.008,-3.346
0,2.00E+18,0.025,0.19,221.01,68.864,-3.772
0,2.00E+18,0.025,0.21,253.66,73.588,-4.215
0,2.00E+18,0.025,0.23,284.74,77.94,-4.669
0,2.00E+18,0.025,0.25,314.56,82.368,-5.123
0,2.00E+18,0.025,0.27,342.862,86.38,-5.577
0,2.00E+18,0.025,0.29,366.941,89.932,-6.031
0,2.00E+18,0.025,0.31,338.203,91.772,-6.492
0,2.00E+18,0.027,0.15,171.63,58.284,-3.364
0,2.00E+18,0.027,0.17,205.203,63.052,-3.828
0,2.00E+18,0.027,0.19,236.741,67.76,-4.295
0,2.00E+18,0.027,0.21,267.05,72.328,-4.765
0,2.00E+18,0.027,0.23,296.547,76.628,-5.244
0,2.00E+18,0.027,0.25,325.226,80.664,-5.733
0,2.00E+18,0.027,0.27,352.627,84.472,-6.228
0,2.00E+18,0.027,0.29,375.723,88.032,-6.727
0,2.00E+18,0.027,0.31,345.543,89.904,-7.23
0,2.00E+18,0.029,0.15,187.971,57.56,-3.828
0,2.00E+18,0.029,0.17,218.574,62.18,-4.329
0,2.00E+18,0.029,0.19,248.143,66.696,-4.835
0,2.00E+18,0.029,0.21,277.162,71.096,-5.347
0,2.00E+18,0.029,0.23,305.757,75.288,-5.865
0,2.00E+18,0.029,0.25,333.758,79.256,-6.388
0,2.00E+18,0.029,0.27,360.599,82.96,-6.916
0,2.00E+18,0.029,0.29,383.049,86.308,-7.447
0,2.00E+18,0.029,0.31,352.393,88.12,-7.982
0,4.00E+18,0.015,0.15,71.8118,67.108,-1.384
0,4.00E+18,0.015,0.17,93.6829,73.064,-1.645
0,4.00E+18,0.015,0.19,118.6854,78.872,-1.908
0,4.00E+18,0.015,0.21,146.7975,84.512,-2.173
0,4.00E+18,0.015,0.23,177.906,89.572,-2.439
0,4.00E+18,0.015,0.25,211.6985,94.902,-2.708
0,4.00E+18,0.015,0.27,247.5085,100.156,-2.978
0,4.00E+18,0.015,0.29,283.544,104.684,-3.249
0,4.00E+18,0.015,0.31,299.6145,106.112,-3.543
0,4.00E+18,0.017,0.15,101.1095,66.124,-1.881
0,4.00E+18,0.017,0.17,128.1995,71.784,-2.174
0,4.00E+18,0.017,0.19,158.5945,77.13,-2.465
0,4.00E+18,0.017,0.21,191.9905,82.352,-2.762
0,4.00E+18,0.017,0.23,227.6345,87.808,-3.081
0,4.00E+18,0.017,0.25,264.0355,92.708,-3.39
0,4.00E+18,0.017,0.27,299.519,97.412,-3.695
0,4.00E+18,0.017,0.29,330.9165,101.78,-3.997
0,4.00E+18,0.017,0.31,325.1195,103.296,-4.334
0,4.00E+18,0.019,0.15,133.231,65.08,-2.41
0,4.00E+18,0.019,0.17,165.0295,70.436,-2.729
0,4.00E+18,0.019,0.19,199.306,75.796,-3.073
0,4.00E+18,0.019,0.21,234.5425,81,-3.41
0,4.00E+18,0.019,0.23,269.2665,86.008,-3.737
0,4.00E+18,0.019,0.25,302.249,90.716,-4.097
0,4.00E+18,0.019,0.27,332.982,95.02,-4.439
0,4.00E+18,0.019,0.29,358.672,99.184,-4.787
0,4.00E+18,0.019,0.31,341.4505,100.776,-5.151
0,4.00E+18,0.021,0.15,166.4185,64.32,-2.967
0,4.00E+18,0.021,0.17,200.0145,69.556,-3.34
0,4.00E+18,0.021,0.19,233.3995,74.66,-3.701
0,4.00E+18,0.021,0.21,265.5245,79.488,-4.078
0,4.00E+18,0.021,0.23,296.3075,84.2,-4.449
0,4.00E+18,0.021,0.25,325.8685,88.78,-4.835
0,4.00E+18,0.021,0.27,353.8915,92.824,-5.211
0,4.00E+18,0.021,0.29,376.6405,96.836,-5.61
0,4.00E+18,0.021,0.31,354.268,98.424,-5.986
0,4.00E+18,0.023,0.15,196.682,63.756,-3.571
0,4.00E+18,0.023,0.17,227.524,68.768,-3.963
0,4.00E+18,0.023,0.19,257.307,73.504,-4.375
0,4.00E+18,0.023,0.21,286.464,78.296,-4.769
0,4.00E+18,0.023,0.23,315.118,82.656,-5.188
0,4.00E+18,0.023,0.25,343.09,87.092,-5.609
0,4.00E+18,0.023,0.27,369.794,91.012,-6.016
0,4.00E+18,0.023,0.29,390.568,94.7,-6.449
0,4.00E+18,0.023,0.31,363.759,96.144,-6.887
0,4.00E+18,0.025,0.15,215.933,63.044,-4.197
0,4.00E+18,0.025,0.17,244.163,67.804,-4.636
0,4.00E+18,0.025,0.19,272.198,72.428,-5.071
0,4.00E+18,0.025,0.21,300.13,76.972,-5.498
0,4.00E+18,0.025,0.23,327.87,81.16,-5.955
0,4.00E+18,0.025,0.25,355.113,85.36,-6.413
0,4.00E+18,0.025,0.27,381.173,89.232,-6.873
0,4.00E+18,0.025,0.29,401.034,92.624,-7.334
0,4.00E+18,0.025,0.31,373.408,94.312,-7.797
0,4.00E+18,0.027,0.15,228.935,62.36,-4.867
0,4.00E+18,0.027,0.17,256.063,66.856,-5.332
0,4.00E+18,0.027,0.19,283.329,71.428,-5.8
0,4.00E+18,0.027,0.21,310.694,75.752,-6.271
0,4.00E+18,0.027,0.23,337.991,79.832,-6.748
0,4.00E+18,0.027,0.25,364.858,83.66,-7.239
0,4.00E+18,0.027,0.27,390.564,87.4,-7.734
0,4.00E+18,0.027,0.29,409.884,90.744,-8.234
0,4.00E+18,0.027,0.31,382.153,92.404,-8.738
0,4.00E+18,0.029,0.15,238.515,61.64,-5.559
0,4.00E+18,0.029,0.17,265.2,66.12,-6.06
0,4.00E+18,0.029,0.19,292.154,70.456,-6.567
0,4.00E+18,0.029,0.21,319.285,74.612,-7.081
0,4.00E+18,0.029,0.23,346.392,78.588,-7.601
0,4.00E+18,0.029,0.25,373.089,82.352,-8.126
0,4.00E+18,0.029,0.27,398.615,85.868,-8.656
0,4.00E+18,0.029,0.29,417.627,89.04,-9.189
0,4.00E+18,0.029,0.31,390.175,90.556,-9.725
0,6.00E+18,0.015,0.15,105.3601,70.756,-1.851
0,6.00E+18,0.015,0.17,131.152,76.536,-2.113
0,6.00E+18,0.015,0.19,159.9515,81.786,-2.377
0,6.00E+18,0.015,0.21,191.5945,87.498,-2.643
0,6.00E+18,0.015,0.23,225.674,93.012,-2.911
0,6.00E+18,0.015,0.25,261.2575,98.128,-3.18
0,6.00E+18,0.015,0.27,296.848,102.968,-3.451
0,6.00E+18,0.015,0.29,329.797,107.428,-3.724
0,6.00E+18,0.015,0.31,333.7175,108.996,-3.998
0,6.00E+18,0.017,0.15,146.4285,69.686,-2.469
0,6.00E+18,0.017,0.17,177.661,75.172,-2.761
0,6.00E+18,0.017,0.19,211.127,80.568,-3.072
0,6.00E+18,0.017,0.21,245.5715,85.844,-3.377
0,6.00E+18,0.017,0.23,279.809,90.968,-3.677
0,6.00E+18,0.017,0.25,312.654,95.876,-3.976
0,6.00E+18,0.017,0.27,343.4115,100.5,-4.294
0,6.00E+18,0.017,0.29,369.1605,104.668,-4.618
0,6.00E+18,0.017,0.31,357.501,106.428,-4.931
0,6.00E+18,0.019,0.15,188.593,68.996,-3.157
0,6.00E+18,0.019,0.17,221.005,74.232,-3.476
0,6.00E+18,0.019,0.19,252.945,79.284,-3.82
0,6.00E+18,0.019,0.21,283.852,84.284,-4.158
0,6.00E+18,0.019,0.23,313.794,89.188,-4.484
0,6.00E+18,0.019,0.25,342.76,93.816,-4.844
0,6.00E+18,0.019,0.27,370.3185,98.052,-5.188
0,6.00E+18,0.019,0.29,392.4515,101.992,-5.536
0,6.00E+18,0.019,0.31,374.442,103.76,-5.901
0,6.00E+18,0.021,0.15,221.067,68.248,-3.887
0,6.00E+18,0.021,0.17,249.9905,73.252,-4.237
0,6.00E+18,0.021,0.19,278.493,78.028,-4.62
0,6.00E+18,0.021,0.21,306.7495,82.908,-4.978
0,6.00E+18,0.021,0.23,334.7275,87.472,-5.369
0,6.00E+18,0.021,0.25,362.166,91.764,-5.734
0,6.00E+18,0.021,0.27,388.4285,95.992,-6.134
0,6.00E+18,0.021,0.29,408.8385,99.508,-6.505
0,6.00E+18,0.021,0.31,388.1765,101.34,-6.915
0,6.00E+18,0.023,0.15,241.774,67.64,-4.663
0,6.00E+18,0.023,0.17,268.865,72.364,-5.06
0,6.00E+18,0.023,0.19,296.115,77.104,-5.458
0,6.00E+18,0.023,0.21,323.472,81.6,-5.875
0,6.00E+18,0.023,0.23,350.755,86.004,-6.275
0,6.00E+18,0.023,0.25,377.595,90.108,-6.696
0,6.00E+18,0.023,0.27,403.254,94.092,-7.126
0,6.00E+18,0.023,0.29,422.352,97.436,-7.544
0,6.00E+18,0.023,0.31,398.863,99.284,-7.971
0,6.00E+18,0.025,0.15,254.399,66.944,-5.48
0,6.00E+18,0.025,0.17,281.027,71.528,-5.922
0,6.00E+18,0.025,0.19,307.961,75.968,-6.363
0,6.00E+18,0.025,0.21,335.089,80.38,-6.8
0,6.00E+18,0.025,0.23,362.191,84.444,-7.238
0,6.00E+18,0.025,0.25,388.859,88.464,-7.7
0,6.00E+18,0.025,0.27,414.316,92.24,-8.164
0,6.00E+18,0.025,0.29,432.98,95.536,-8.63
0,6.00E+18,0.025,0.31,409.312,97.328,-9.099
0,6.00E+18,0.027,0.15,262.869,66.264,-6.369
0,6.00E+18,0.027,0.17,289.459,70.684,-6.835
0,6.00E+18,0.027,0.19,316.418,75.04,-7.304
0,6.00E+18,0.027,0.21,343.62,79.168,-7.776
0,6.00E+18,0.027,0.23,370.826,83.072,-8.254
0,6.00E+18,0.027,0.25,397.607,86.836,-8.744
0,6.00E+18,0.027,0.27,423.153,90.452,-9.24
0,6.00E+18,0.027,0.29,441.76,93.668,-9.741
0,6.00E+18,0.027,0.31,418.357,95.288,-10.246
0,6.00E+18,0.029,0.15,268.916,65.704,-7.287
0,6.00E+18,0.029,0.17,295.52,69.98,-7.789
0,6.00E+18,0.029,0.19,322.523,74.096,-8.298
0,6.00E+18,0.029,0.21,349.799,78.064,-8.814
0,6.00E+18,0.029,0.23,377.107,81.868,-9.336
0,6.00E+18,0.029,0.25,404.018,85.484,-9.864
0,6.00E+18,0.029,0.27,429.713,88.868,-10.395
0,6.00E+18,0.029,0.29,448.491,91.92,-10.93
0,6.00E+18,0.029,0.31,425.889,93.56,-11.468
0,8.00E+18,0.015,0.15,143.07,73.812,-2.315
0,8.00E+18,0.015,0.17,172.389,79.664,-2.578
0,8.00E+18,0.015,0.19,204.2725,85.304,-2.843
0,8.00E+18,0.015,0.21,238.0585,90.676,-3.11
0,8.00E+18,0.015,0.23,272.6235,95.948,-3.38
0,8.00E+18,0.015,0.25,306.8945,101.04,-3.651
0,8.00E+18,0.015,0.27,339.5165,105.82,-3.924
0,8.00E+18,0.015,0.29,367.6725,110.096,-4.198
0,8.00E+18,0.015,0.31,364.444,112.216,-4.473
0,8.00E+18,0.017,0.15,194.599,73.3,-3.077
0,8.00E+18,0.017,0.17,226.7275,78.7,-3.375
0,8.00E+18,0.017,0.19,258.874,83.98,-3.67
0,8.00E+18,0.017,0.21,290.259,89.132,-3.964
0,8.00E+18,0.017,0.23,320.6635,94.12,-4.265
0,8.00E+18,0.017,0.25,350.0235,98.884,-4.588
0,8.00E+18,0.017,0.27,377.935,103.348,-4.901
0,8.00E+18,0.017,0.29,400.736,107.308,-5.207
0,8.00E+18,0.017,0.31,387.6625,109.376,-5.522
0,8.00E+18,0.019,0.15,234.827,72.588,-3.904
0,8.00E+18,0.019,0.17,263.4165,77.704,-4.223
0,8.00E+18,0.019,0.19,291.723,82.652,-4.566
0,8.00E+18,0.019,0.21,319.86,87.408,-4.905
0,8.00E+18,0.019,0.23,347.7605,92.232,-5.232
0,8.00E+18,0.019,0.25,375.145,96.796,-5.592
0,8.00E+18,0.019,0.27,401.3685,100.976,-5.936
0,8.00E+18,0.019,0.29,421.9495,104.72,-6.284
0,8.00E+18,0.019,0.31,405.064,106.568,-6.65
0,8.00E+18,0.021,0.15,257.521,71.764,-4.791
0,8.00E+18,0.021,0.17,284.3715,76.716,-5.16
0,8.00E+18,0.021,0.19,311.442,81.52,-5.517
0,8.00E+18,0.021,0.21,338.66,86.024,-5.902
0,8.00E+18,0.021,0.23,365.834,90.576,-6.266
0,8.00E+18,0.021,0.25,392.5925,94.86,-6.66
0,8.00E+18,0.021,0.27,418.208,98.752,-7.039
0,8.00E+18,0.021,0.29,437.787,102.496,-7.433
0,8.00E+18,0.021,0.31,419.433,104.444,-7.831
0,8.00E+18,0.023,0.15,271.918,71.272,-5.741
0,8.00E+18,0.023,0.17,298.554,75.856,-6.154
0,8.00E+18,0.023,0.19,325.545,80.484,-6.554
0,8.00E+18,0.023,0.21,352.763,84.76,-6.958
0,8.00E+18,0.023,0.23,379.968,89.136,-7.38
0,8.00E+18,0.023,0.25,406.735,93.08,-7.789
0,8.00E+18,0.023,0.27,432.264,96.96,-8.21
0,8.00E+18,0.023,0.29,451.093,100.376,-8.647
0,8.00E+18,0.023,0.31,430.716,102.28,-9.078
0,8.00E+18,0.025,0.15,280.319,70.636,-6.768
0,8.00E+18,0.025,0.17,306.968,75.076,-7.206
0,8.00E+18,0.025,0.19,334.02,79.34,-7.651
0,8.00E+18,0.025,0.21,361.343,83.64,-8.096
0,8.00E+18,0.025,0.23,388.693,87.596,-8.536
0,8.00E+18,0.025,0.25,415.637,91.444,-8.984
0,8.00E+18,0.025,0.27,441.354,95.136,-9.451
0,8.00E+18,0.025,0.29,460.305,98.356,-9.921
0,8.00E+18,0.025,0.31,440.397,100.232,-10.394
0,8.00E+18,0.027,0.15,286.823,69.928,-7.87
0,8.00E+18,0.027,0.17,313.469,74.296,-8.337
0,8.00E+18,0.027,0.19,340.532,78.456,-8.807
0,8.00E+18,0.027,0.21,367.882,82.412,-9.282
0,8.00E+18,0.027,0.23,395.275,86.156,-9.761
0,8.00E+18,0.027,0.25,422.281,89.908,-10.248
0,8.00E+18,0.027,0.27,448.087,93.392,-10.746
0,8.00E+18,0.027,0.29,467.264,96.488,-11.247
0,8.00E+18,0.027,0.31,448.55,98.124,-11.757
0,8.00E+18,0.029,0.15,292.739,69.508,-9.012
0,8.00E+18,0.029,0.17,319.375,73.576,-9.516
0,8.00E+18,0.029,0.19,346.434,77.512,-10.027
0,8.00E+18,0.029,0.21,373.786,81.308,-10.546
0,8.00E+18,0.029,0.23,401.189,84.96,-11.071
0,8.00E+18,0.029,0.25,428.217,88.444,-11.6
0,8.00E+18,0.029,0.27,454.069,91.712,-12.134
0,8.00E+18,0.029,0.29,473.483,94.672,-12.671
0,8.00E+18,0.029,0.31,456.102,96.52,-13.211
0,1.00E+19,0.015,0.15,183.824,77.372,-2.772
0,1.00E+19,0.015,0.17,215.441,82.908,-3.037
0,1.00E+19,0.015,0.19,248.1605,88.412,-3.304
0,1.00E+19,0.015,0.21,281.1685,93.788,-3.574
0,1.00E+19,0.015,0.23,313.5415,98.984,-3.846
0,1.00E+19,0.015,0.25,344.6695,103.972,-4.12
0,1.00E+19,0.015,0.27,374.098,108.668,-4.395
0,1.00E+19,0.015,0.29,398.912,112.912,-4.671
0,1.00E+19,0.015,0.31,392.3725,115.116,-4.948
0,1.00E+19,0.017,0.15,237.4815,76.716,-3.673
0,1.00E+19,0.017,0.17,266.8825,81.984,-3.962
0,1.00E+19,0.017,0.19,295.836,87.136,-4.252
0,1.00E+19,0.017,0.21,324.4745,92.152,-4.571
0,1.00E+19,0.017,0.23,352.7765,96.992,-4.879
0,1.00E+19,0.017,0.25,380.5025,101.604,-5.183
0,1.00E+19,0.017,0.27,407.0495,105.924,-5.484
0,1.00E+19,0.017,0.29,428.3755,110.044,-5.813
0,1.00E+19,0.017,0.31,415.393,112.024,-6.137
0,1.00E+19,0.019,0.15,267.575,75.988,-4.65
0,1.00E+19,0.019,0.17,294.522,81.008,-4.97
0,1.00E+19,0.019,0.19,321.681,85.868,-5.311
0,1.00E+19,0.019,0.21,348.98,90.528,-5.652
0,1.00E+19,0.019,0.23,376.2275,95.152,-5.98
0,1.00E+19,0.019,0.25,403.054,99.656,-6.339
0,1.00E+19,0.019,0.27,428.7365,103.792,-6.684
0,1.00E+19,0.019,0.29,448.6595,107.344,-7.032
0,1.00E+19,0.019,0.31,433.1105,109.528,-7.4
0,1.00E+19,0.021,0.15,283.643,75.344,-5.7
0,1.00E+19,0.021,0.17,310.2505,80.04,-6.07
0,1.00E+19,0.021,0.19,337.224,84.616,-6.436
0,1.00E+19,0.021,0.21,364.44,89.24,-6.811
0,1.00E+19,0.021,0.23,391.666,93.516,-7.187
0,1.00E+19,0.021,0.25,418.4885,97.7,-7.572
0,1.00E+19,0.021,0.27,444.128,101.652,-7.952
0,1.00E+19,0.021,0.29,463.6805,105.088,-8.352
0,1.00E+19,0.021,0.31,447.404,107.052,-8.732
0,1.00E+19,0.023,0.15,294.13,74.648,-6.846
0,1.00E+19,0.023,0.17,320.826,79.276,-7.232
0,1.00E+19,0.023,0.19,347.934,83.616,-7.65
0,1.00E+19,0.023,0.21,375.322,87.96,-8.054
0,1.00E+19,0.023,0.23,402.743,92.02,-8.463
0,1.00E+19,0.023,0.25,429.763,96.056,-8.891
0,1.00E+19,0.023,0.27,455.568,99.564,-9.31
0,1.00E+19,0.023,0.29,474.908,103.08,-9.729
0,1.00E+19,0.023,0.31,457.789,105.04,-10.173
0,1.00E+19,0.025,0.15,301.694,74.136,-8.064
0,1.00E+19,0.025,0.17,328.38,78.452,-8.487
0,1.00E+19,0.025,0.19,355.49,82.544,-8.936
0,1.00E+19,0.025,0.21,382.892,86.744,-9.386
0,1.00E+19,0.025,0.23,410.341,90.616,-9.834
0,1.00E+19,0.025,0.25,437.407,94.284,-10.28
0,1.00E+19,0.025,0.27,463.284,97.908,-10.736
0,1.00E+19,0.025,0.29,482.864,101.06,-11.208
0,1.00E+19,0.025,0.31,467.031,102.984,-11.684
0,1.00E+19,0.027,0.15,308.709,73.52,-9.371
0,1.00E+19,0.027,0.17,335.383,77.708,-9.839
0,1.00E+19,0.027,0.19,362.485,81.696,-10.311
0,1.00E+19,0.027,0.21,389.885,85.488,-10.786
0,1.00E+19,0.027,0.23,417.339,89.2,-11.268
0,1.00E+19,0.027,0.25,444.424,92.84,-11.756
0,1.00E+19,0.027,0.27,470.345,96.196,-12.252
0,1.00E+19,0.027,0.29,490.167,99.188,-12.757
0,1.00E+19,0.027,0.31,475.678,100.952,-13.271
0,1.00E+19,0.029,0.15,315.561,73.056,-10.741
0,1.00E+19,0.029,0.17,342.223,76.936,-11.244
0,1.00E+19,0.029,0.19,369.317,80.696,-11.754
0,1.00E+19,0.029,0.21,396.712,84.348,-12.275
0,1.00E+19,0.029,0.23,424.168,87.924,-12.803
0,1.00E+19,0.029,0.25,451.267,91.312,-13.336
0,1.00E+19,0.029,0.27,477.226,94.444,-13.873
0,1.00E+19,0.029,0.29,497.273,97.272,-14.412
0,1.00E+19,0.029,0.31,484.026,99.248,-14.954
1,2.00E+16,0.015,0.15,23.6859,76.444,-0.455
1,2.00E+16,0.015,0.17,39.55095,84.936,-0.714
1,2.00E+16,0.015,0.19,59.8661,93.136,-0.975
1,2.00E+16,0.015,0.21,84.6449,101.06,-1.237
1,2.00E+16,0.015,0.23,113.91565,108.796,-1.501
1,2.00E+16,0.015,0.25,147.6455,116.236,-1.782
1,2.00E+16,0.015,0.27,185.7845,123.416,-2.064
1,2.00E+16,0.015,0.29,228.111,130.268,-2.345
1,2.00E+16,0.015,0.31,274.181,136.076,-2.627
1,2.00E+16,0.017,0.15,34.7931,74.592,-0.692
1,2.00E+16,0.017,0.17,55.07535,82.66,-0.979
1,2.00E+16,0.017,0.19,80.27115,90.464,-1.28
1,2.00E+16,0.017,0.21,110.39145,98.016,-1.591
1,2.00E+16,0.017,0.23,145.4345,105.3,-1.895
1,2.00E+16,0.017,0.25,185.355,112.336,-2.195
1,2.00E+16,0.017,0.27,229.928,119.076,-2.493
1,2.00E+16,0.017,0.29,278.638,125.604,-2.824
1,2.00E+16,0.017,0.31,330.387,131.956,-3.145
1,2.00E+16,0.019,0.15,46.73425,72.856,-0.928
1,2.00E+16,0.019,0.17,71.28255,80.576,-1.244
1,2.00E+16,0.019,0.19,101.1872,87.972,-1.594
1,2.00E+16,0.019,0.21,136.442,95.304,-1.926
1,2.00E+16,0.019,0.23,176.9935,102.396,-2.248
1,2.00E+16,0.019,0.25,222.5875,108.83,-2.612
1,2.00E+16,0.019,0.27,272.5845,115.244,-2.95
1,2.00E+16,0.019,0.29,325.474,121.696,-3.302
1,2.00E+16,0.019,0.31,378.1645,127.66,-3.662
1,2.00E+16,0.021,0.15,59.16735,71.24,-1.165
1,2.00E+16,0.021,0.17,87.84795,78.648,-1.517
1,2.00E+16,0.021,0.19,122.304,85.856,-1.897
1,2.00E+16,0.021,0.21,162.4575,92.912,-2.248
1,2.00E+16,0.021,0.23,208.0345,99.41,-2.642
1,2.00E+16,0.021,0.25,258.2825,106.008,-3
1,2.00E+16,0.021,0.27,311.2945,112.372,-3.403
1,2.00E+16,0.021,0.29,363.932,118.16,-3.778
1,2.00E+16,0.021,0.31,412.8415,123.736,-4.179
1,2.00E+16,0.023,0.15,71.6005,60.8136,-1.402
1,2.00E+16,0.023,0.17,104.444,71.5624,-1.794
1,2.00E+16,0.023,0.19,143.425,81.584,-2.195
1,2.00E+16,0.023,0.21,188.332,90.504,-2.607
1,2.00E+16,0.023,0.23,238.537,97.34,-2.997
1,2.00E+16,0.023,0.25,292.129,103.632,-3.427
1,2.00E+16,0.023,0.27,345.129,109.464,-3.85
1,2.00E+16,0.023,0.29,394.053,115.18,-4.255
1,2.00E+16,0.023,0.31,438.171,120.42,-4.696
1,2.00E+16,0.025,0.15,84.5631,62.2708,-1.638
1,2.00E+16,0.025,0.17,121.276,72.448,-2.067
1,2.00E+16,0.025,0.19,164.404,81.628,-2.49
1,2.00E+16,0.025,0.21,213.294,88.624,-2.94
1,2.00E+16,0.025,0.23,266.118,94.984,-3.39
1,2.00E+16,0.025,0.25,318.809,100.88,-3.84
1,2.00E+16,0.025,0.27,367.929,106.6,-4.287
1,2.00E+16,0.025,0.29,412.919,112.096,-4.74
1,2.00E+16,0.025,0.31,453.665,117.036,-5.213
1,2.00E+16,0.027,0.15,97.5673,63.2336,-1.874
1,2.00E+16,0.027,0.17,137.994,72.748,-2.339
1,2.00E+16,0.027,0.19,184.83,80.516,-2.805
1,2.00E+16,0.027,0.21,236.465,86.688,-3.273
1,2.00E+16,0.027,0.23,289.025,92.536,-3.747
1,2.00E+16,0.027,0.25,338.35,98.44,-4.236
1,2.00E+16,0.027,0.27,383.825,103.984,-4.729
1,2.00E+16,0.027,0.29,426.229,109.152,-5.227
1,2.00E+16,0.027,0.31,464.909,113.9,-5.729
1,2.00E+16,0.029,0.15,110.534,63.7672,-2.11
1,2.00E+16,0.029,0.17,154.42,72.34,-2.61
1,2.00E+16,0.029,0.19,204.203,78.748,-3.114
1,2.00E+16,0.029,0.21,256.526,84.796,-3.624
1,2.00E+16,0.029,0.23,306.409,90.628,-4.14
1,2.00E+16,0.029,0.25,352.331,96.156,-4.66
1,2.00E+16,0.029,0.27,395.446,101.42,-5.185
1,2.00E+16,0.029,0.29,436.148,106.388,-5.713
1,2.00E+16,0.029,0.31,473.418,110.984,-6.246
1,4.00E+16,0.015,0.15,23.70115,76.432,-0.455
1,4.00E+16,0.015,0.17,39.56995,84.928,-0.715
1,4.00E+16,0.015,0.19,59.8891,93.124,-0.975
1,4.00E+16,0.015,0.21,84.67285,101.056,-1.237
1,4.00E+16,0.015,0.23,113.9494,108.796,-1.501
1,4.00E+16,0.015,0.25,147.6865,116.236,-1.782
1,4.00E+16,0.015,0.27,185.835,123.42,-2.064
1,4.00E+16,0.015,0.29,228.1715,130.276,-2.346
1,4.00E+16,0.015,0.31,274.2535,136.09,-2.627
1,4.00E+16,0.017,0.15,34.8193,74.596,-0.692
1,4.00E+16,0.017,0.17,55.1079,82.66,-0.98
1,4.00E+16,0.017,0.19,80.3106,90.472,-1.281
1,4.00E+16,0.017,0.21,110.43905,98.02,-1.592
1,4.00E+16,0.017,0.23,145.491,105.304,-1.896
1,4.00E+16,0.017,0.25,185.422,112.348,-2.196
1,4.00E+16,0.017,0.27,230.0075,119.084,-2.493
1,4.00E+16,0.017,0.29,278.73,125.62,-2.825
1,4.00E+16,0.017,0.31,330.4915,131.984,-3.145
1,4.00E+16,0.019,0.15,46.77535,72.872,-0.929
1,4.00E+16,0.019,0.17,71.33345,80.588,-1.245
1,4.00E+16,0.019,0.19,101.24825,87.988,-1.594
1,4.00E+16,0.019,0.21,136.5145,95.32,-1.926
1,4.00E+16,0.019,0.23,177.079,102.416,-2.249
1,4.00E+16,0.019,0.25,222.6865,108.854,-2.612
1,4.00E+16,0.019,0.27,272.6975,115.264,-2.95
1,4.00E+16,0.019,0.29,325.599,121.72,-3.303
1,4.00E+16,0.019,0.31,378.3,127.684,-3.662
1,4.00E+16,0.021,0.15,59.2277,71.268,-1.166
1,4.00E+16,0.021,0.17,87.92225,78.668,-1.519
1,4.00E+16,0.021,0.19,122.3925,85.88,-1.897
1,4.00E+16,0.021,0.21,162.5615,92.94,-2.249
1,4.00E+16,0.021,0.23,208.1545,99.438,-2.643
1,4.00E+16,0.021,0.25,258.4175,106.04,-3.001
1,4.00E+16,0.021,0.27,311.4415,112.404,-3.403
1,4.00E+16,0.021,0.29,364.0885,118.188,-3.779
1,4.00E+16,0.021,0.31,413.005,123.768,-4.179
1,4.00E+16,0.023,0.15,307.316,111.068,-3.406
1,4.00E+16,0.023,0.17,360.705,116.532,-3.794
1,4.00E+16,0.023,0.19,411.215,121.848,-4.195
1,4.00E+16,0.023,0.21,458.909,127.248,-4.607
1,4.00E+16,0.023,0.23,504.025,132.276,-4.996
1,4.00E+16,0.023,0.25,547.476,137.352,-5.427
1,4.00E+16,0.023,0.27,589.512,142.096,-5.85
1,4.00E+16,0.023,0.29,629.941,146.664,-6
1,4.00E+16,0.023,0.31,667.902,150.972,-6
1,4.00E+16,0.025,0.15,321.729,108.084,-3.642
1,4.00E+16,0.025,0.17,373.968,113.38,-4.068
1,4.00E+16,0.025,0.19,422.591,118.532,-4.488
1,4.00E+16,0.025,0.21,468.685,123.452,-4.939
1,4.00E+16,0.025,0.23,512.564,128.504,-5.39
1,4.00E+16,0.025,0.25,555.043,133.172,-5.839
1,4.00E+16,0.025,0.27,596.277,137.616,-6
1,4.00E+16,0.025,0.29,635.998,142.1,-6
1,4.00E+16,0.025,0.31,673.247,146.1,-6
1,4.00E+16,0.027,0.15,97.7131,63.2956,-1.876
1,4.00E+16,0.027,0.17,138.168,72.804,-2.34
1,4.00E+16,0.027,0.19,185.032,80.572,-2.806
1,4.00E+16,0.027,0.21,236.688,86.74,-3.275
1,4.00E+16,0.027,0.23,289.26,92.592,-3.748
1,4.00E+16,0.027,0.25,338.593,98.492,-4.237
1,4.00E+16,0.027,0.27,384.077,104.032,-4.73
1,4.00E+16,0.027,0.29,426.492,109.2,-5.228
1,4.00E+16,0.027,0.31,465.183,113.948,-5.73
1,4.00E+16,0.029,0.15,110.715,63.8368,-2.112
1,4.00E+16,0.029,0.17,154.635,72.408,-2.611
1,4.00E+16,0.029,0.19,204.445,78.808,-3.116
1,4.00E+16,0.029,0.21,256.785,84.856,-3.626
1,4.00E+16,0.029,0.23,306.677,90.68,-4.141
1,4.00E+16,0.029,0.25,352.608,96.212,-4.661
1,4.00E+16,0.029,0.27,395.734,101.476,-5.186
1,4.00E+16,0.029,0.29,436.448,106.44,-5.715
1,4.00E+16,0.029,0.31,473.731,111.04,-6.247
1,6.00E+16,0.015,0.15,23.71805,76.428,-0.456
1,6.00E+16,0.015,0.17,39.5914,84.924,-0.715
1,6.00E+16,0.015,0.19,59.9154,93.12,-0.975
1,6.00E+16,0.015,0.21,84.70475,101.056,-1.237
1,6.00E+16,0.015,0.23,113.98805,108.8,-1.502
1,6.00E+16,0.015,0.25,147.7335,116.244,-1.783
1,6.00E+16,0.015,0.27,185.892,123.432,-2.064
1,6.00E+16,0.015,0.29,228.239,130.292,-2.346
1,6.00E+16,0.015,0.31,274.3325,136.11,-2.628
1,6.00E+16,0.017,0.15,34.8476,74.604,-0.693
1,6.00E+16,0.017,0.17,55.14345,82.664,-0.98
1,6.00E+16,0.017,0.19,80.354,90.48,-1.281
1,6.00E+16,0.017,0.21,110.491,98.028,-1.592
1,6.00E+16,0.017,0.23,145.5525,105.32,-1.896
1,6.00E+16,0.017,0.25,185.496,112.36,-2.196
1,6.00E+16,0.017,0.27,230.093,119.1,-2.493
1,6.00E+16,0.017,0.29,278.8285,125.642,-2.825
1,6.00E+16,0.017,0.31,330.603,132.004,-3.145
1,6.00E+16,0.019,0.15,46.8189,72.892,-0.93
1,6.00E+16,0.019,0.17,71.3877,80.608,-1.245
1,6.00E+16,0.019,0.19,101.31395,88.008,-1.595
1,6.00E+16,0.019,0.21,136.592,95.344,-1.927
1,6.00E+16,0.019,0.23,177.1695,102.44,-2.249
1,6.00E+16,0.019,0.25,222.7915,108.878,-2.613
1,6.00E+16,0.019,0.27,272.8175,115.296,-2.951
1,6.00E+16,0.019,0.29,325.7315,121.752,-3.303
1,6.00E+16,0.019,0.31,378.442,127.716,-3.663
1,6.00E+16,0.021,0.15,59.2905,71.296,-1.166
1,6.00E+16,0.021,0.17,87.9998,78.7,-1.52
1,6.00E+16,0.021,0.19,122.485,85.912,-1.898
1,6.00E+16,0.021,0.21,162.67,92.968,-2.25
1,6.00E+16,0.021,0.23,208.279,99.468,-2.643
1,6.00E+16,0.021,0.25,258.5585,106.072,-3.002
1,6.00E+16,0.021,0.27,311.595,112.436,-3.404
1,6.00E+16,0.021,0.29,364.251,118.22,-3.781
1,6.00E+16,0.021,0.31,413.175,123.804,-4.18
1,6.00E+16,0.023,0.15,307.316,111.068,-3.406
1,6.00E+16,0.023,0.17,360.705,116.532,-3.794
1,6.00E+16,0.023,0.19,411.215,121.848,-4.195
1,6.00E+16,0.023,0.21,458.909,127.248,-4.607
1,6.00E+16,0.023,0.23,504.025,132.276,-4.996
1,6.00E+16,0.023,0.25,547.476,137.352,-5.427
1,6.00E+16,0.023,0.27,589.512,142.096,-5.85
1,6.00E+16,0.023,0.29,629.941,146.664,-6
1,6.00E+16,0.023,0.31,667.902,150.972,-6
1,6.00E+16,0.025,0.15,321.729,108.084,-3.642
1,6.00E+16,0.025,0.17,373.968,113.38,-4.068
1,6.00E+16,0.025,0.19,422.591,118.532,-4.488
1,6.00E+16,0.025,0.21,468.685,123.452,-4.939
1,6.00E+16,0.025,0.23,512.564,128.504,-5.39
1,6.00E+16,0.025,0.25,555.043,133.172,-5.839
1,6.00E+16,0.025,0.27,596.277,137.616,-6
1,6.00E+16,0.025,0.29,635.998,142.1,-6
1,6.00E+16,0.025,0.31,673.247,146.1,-6
1,6.00E+16,0.027,0.15,97.8595,63.358,-1.877
1,6.00E+16,0.027,0.17,138.344,72.868,-2.341
1,6.00E+16,0.027,0.19,185.234,80.624,-2.808
1,6.00E+16,0.027,0.21,236.912,86.792,-3.276
1,6.00E+16,0.027,0.23,289.495,92.64,-3.749
1,6.00E+16,0.027,0.25,338.835,98.536,-4.238
1,6.00E+16,0.027,0.27,384.328,104.08,-4.731
1,6.00E+16,0.027,0.29,426.754,109.252,-5.229
1,6.00E+16,0.027,0.31,465.457,113.996,-5.731
1,6.00E+16,0.029,0.15,110.896,63.9076,-2.113
1,6.00E+16,0.029,0.17,154.849,72.476,-2.613
1,6.00E+16,0.029,0.19,204.688,78.864,-3.117
1,6.00E+16,0.029,0.21,257.044,84.912,-3.627
1,6.00E+16,0.029,0.23,306.943,90.736,-4.142
1,6.00E+16,0.029,0.25,352.883,96.264,-4.663
1,6.00E+16,0.029,0.27,396.019,101.532,-5.187
1,6.00E+16,0.029,0.29,436.745,106.496,-5.716
1,6.00E+16,0.029,0.31,474.04,111.092,-6.248
1,8.00E+16,0.015,0.15,23.73615,76.432,-0.456
1,8.00E+16,0.015,0.17,39.61475,84.928,-0.715
1,8.00E+16,0.015,0.19,59.9443,93.124,-0.976
1,8.00E+16,0.015,0.21,84.73975,101.064,-1.238
1,8.00E+16,0.015,0.23,114.03055,108.808,-1.502
1,8.00E+16,0.015,0.25,147.7845,116.256,-1.783
1,8.00E+16,0.015,0.27,185.953,123.448,-2.065
1,8.00E+16,0.015,0.29,228.311,130.312,-2.346
1,8.00E+16,0.015,0.31,274.416,136.132,-2.628
1,8.00E+16,0.017,0.15,34.87745,74.62,-0.693
1,8.00E+16,0.017,0.17,55.1812,82.676,-0.98
1,8.00E+16,0.017,0.19,80.40025,90.492,-1.282
1,8.00E+16,0.017,0.21,110.5468,98.044,-1.593
1,8.00E+16,0.017,0.23,145.6185,105.336,-1.897
1,8.00E+16,0.017,0.25,185.5735,112.38,-2.196
1,8.00E+16,0.017,0.27,230.1835,119.124,-2.494
1,8.00E+16,0.017,0.29,278.933,125.664,-2.826
1,8.00E+16,0.017,0.31,330.72,132.032,-3.146
1,8.00E+16,0.019,0.15,46.8642,72.912,-0.93
1,8.00E+16,0.019,0.17,71.44435,80.632,-1.246
1,8.00E+16,0.019,0.19,101.3823,88.032,-1.596
1,8.00E+16,0.019,0.21,136.6735,95.368,-1.927
1,8.00E+16,0.019,0.23,177.2645,102.464,-2.25
1,8.00E+16,0.019,0.25,222.9015,108.906,-2.614
1,8.00E+16,0.019,0.27,272.9415,115.328,-2.951
1,8.00E+16,0.019,0.29,325.8685,121.784,-3.304
1,8.00E+16,0.019,0.31,378.5895,127.748,-3.663
1,8.00E+16,0.021,0.15,59.35505,71.332,-1.167
1,8.00E+16,0.021,0.17,88.0792,78.732,-1.521
1,8.00E+16,0.021,0.19,122.5805,85.944,-1.899
1,8.00E+16,0.021,0.21,162.7815,93,-2.25
1,8.00E+16,0.021,0.23,208.4075,99.498,-2.644
1,8.00E+16,0.021,0.25,258.7025,106.104,-3.003
1,8.00E+16,0.021,0.27,311.7525,112.468,-3.405
1,8.00E+16,0.021,0.29,364.417,118.256,-3.782
1,8.00E+16,0.021,0.31,413.349,123.844,-4.181
1,8.00E+16,0.023,0.15,307.316,111.068,-3.406
1,8.00E+16,0.023,0.17,360.705,116.532,-3.794
1,8.00E+16,0.023,0.19,411.215,121.848,-4.195
1,8.00E+16,0.023,0.21,458.909,127.248,-4.607
1,8.00E+16,0.023,0.23,504.025,132.276,-4.996
1,8.00E+16,0.023,0.25,547.476,137.352,-5.427
1,8.00E+16,0.023,0.27,589.512,142.096,-5.85
1,8.00E+16,0.023,0.29,629.941,146.664,-6
1,8.00E+16,0.023,0.31,667.902,150.972,-6
1,8.00E+16,0.025,0.15,321.729,108.084,-3.642
1,8.00E+16,0.025,0.17,373.968,113.38,-4.068
1,8.00E+16,0.025,0.19,422.591,118.532,-4.488
1,8.00E+16,0.025,0.21,468.685,123.452,-4.939
1,8.00E+16,0.025,0.23,512.564,128.504,-5.39
1,8.00E+16,0.025,0.25,555.043,133.172,-5.839
1,8.00E+16,0.025,0.27,596.277,137.616,-6
1,8.00E+16,0.025,0.29,635.998,142.1,-6
1,8.00E+16,0.025,0.31,673.247,146.1,-6
1,8.00E+16,0.027,0.15,98.0058,63.4196,-1.878
1,8.00E+16,0.027,0.17,138.519,72.928,-2.343
1,8.00E+16,0.027,0.19,185.437,80.68,-2.809
1,8.00E+16,0.027,0.21,237.136,86.844,-3.278
1,8.00E+16,0.027,0.23,289.729,92.692,-3.75
1,8.00E+16,0.027,0.25,339.076,98.588,-4.239
1,8.00E+16,0.027,0.27,384.578,104.128,-4.732
1,8.00E+16,0.027,0.29,427.014,109.3,-5.23
1,8.00E+16,0.027,0.31,465.729,114.048,-5.732
1,8.00E+16,0.029,0.15,111.076,63.978,-2.115
1,8.00E+16,0.029,0.17,155.061,72.536,-2.614
1,8.00E+16,0.029,0.19,204.928,78.92,-3.119
1,8.00E+16,0.029,0.21,257.3,84.968,-3.629
1,8.00E+16,0.029,0.23,307.207,90.792,-4.144
1,8.00E+16,0.029,0.25,353.153,96.32,-4.664
1,8.00E+16,0.029,0.27,396.299,101.58,-5.189
1,8.00E+16,0.029,0.29,437.036,106.548,-5.717
1,8.00E+16,0.029,0.31,474.345,111.14,-6.249
1,1.00E+17,0.015,0.15,23.75515,76.44,-0.456
1,1.00E+17,0.015,0.17,39.63955,84.936,-0.716
1,1.00E+17,0.015,0.19,59.97515,93.128,-0.976
1,1.00E+17,0.015,0.21,84.77715,101.076,-1.238
1,1.00E+17,0.015,0.23,114.0762,108.82,-1.503
1,1.00E+17,0.015,0.25,147.839,116.268,-1.784
1,1.00E+17,0.015,0.27,186.0175,123.464,-2.065
1,1.00E+17,0.015,0.29,228.3865,130.332,-2.347
1,1.00E+17,0.015,0.31,274.504,136.156,-2.628
1,1.00E+17,0.017,0.15,34.90855,74.632,-0.694
1,1.00E+17,0.017,0.17,55.2207,82.688,-0.981
1,1.00E+17,0.017,0.19,80.4488,90.512,-1.283
1,1.00E+17,0.017,0.21,110.60515,98.064,-1.593
1,1.00E+17,0.017,0.23,145.6875,105.352,-1.897
1,1.00E+17,0.017,0.25,185.6545,112.4,-2.197
1,1.00E+17,0.017,0.27,230.278,119.14,-2.494
1,1.00E+17,0.017,0.29,279.0405,125.69,-2.826
1,1.00E+17,0.017,0.31,330.841,132.06,-3.146
1,1.00E+17,0.019,0.15,46.9108,72.936,-0.931
1,1.00E+17,0.019,0.17,71.50275,80.656,-1.246
1,1.00E+17,0.019,0.19,101.453,88.056,-1.596
1,1.00E+17,0.019,0.21,136.757,95.396,-1.928
1,1.00E+17,0.019,0.23,177.3625,102.492,-2.25
1,1.00E+17,0.019,0.25,223.014,108.936,-2.614
1,1.00E+17,0.019,0.27,273.069,115.356,-2.952
1,1.00E+17,0.019,0.29,326.009,121.812,-3.305
1,1.00E+17,0.019,0.31,378.74,127.78,-3.664
1,1.00E+17,0.021,0.15,59.42085,71.364,-1.168
1,1.00E+17,0.021,0.17,88.1608,78.76,-1.522
1,1.00E+17,0.021,0.19,122.678,85.976,-1.9
1,1.00E+17,0.021,0.21,162.8955,93.032,-2.252
1,1.00E+17,0.021,0.23,208.5385,99.534,-2.645
1,1.00E+17,0.021,0.25,258.85,106.144,-3.004
1,1.00E+17,0.021,0.27,311.9115,112.508,-3.405
1,1.00E+17,0.021,0.29,364.586,118.288,-3.783
1,1.00E+17,0.021,0.31,413.526,123.88,-4.181
1,1.00E+17,0.023,0.15,307.316,111.068,-3.406
1,1.00E+17,0.023,0.17,360.705,116.532,-3.794
1,1.00E+17,0.023,0.19,411.215,121.848,-4.195
1,1.00E+17,0.023,0.21,458.909,127.248,-4.607
1,1.00E+17,0.023,0.23,504.025,132.276,-4.996
1,1.00E+17,0.023,0.25,547.476,137.352,-5.427
1,1.00E+17,0.023,0.27,589.512,142.096,-5.85
1,1.00E+17,0.023,0.29,629.941,146.664,-6
1,1.00E+17,0.023,0.31,667.902,150.972,-6
1,1.00E+17,0.025,0.15,321.729,108.084,-3.642
1,1.00E+17,0.025,0.17,373.968,113.38,-4.068
1,1.00E+17,0.025,0.19,422.591,118.532,-4.488
1,1.00E+17,0.025,0.21,468.685,123.452,-4.939
1,1.00E+17,0.025,0.23,512.564,128.504,-5.39
1,1.00E+17,0.025,0.25,555.043,133.172,-5.839
1,1.00E+17,0.025,0.27,596.277,137.616,-6
1,1.00E+17,0.025,0.29,635.998,142.1,-6
1,1.00E+17,0.025,0.31,673.247,146.1,-6
1,1.00E+17,0.027,0.15,98.1516,63.4808,-1.879
1,1.00E+17,0.027,0.17,138.693,72.984,-2.344
1,1.00E+17,0.027,0.19,185.638,80.728,-2.811
1,1.00E+17,0.027,0.21,237.359,86.896,-3.28
1,1.00E+17,0.027,0.23,289.961,92.744,-3.752
1,1.00E+17,0.027,0.25,339.315,98.632,-4.24
1,1.00E+17,0.027,0.27,384.824,104.176,-4.733
1,1.00E+17,0.027,0.29,427.27,109.348,-5.231
1,1.00E+17,0.027,0.31,465.997,114.092,-5.733
1,1.00E+17,0.029,0.15,111.254,64.0448,-2.116
1,1.00E+17,0.029,0.17,155.272,72.6,-2.616
1,1.00E+17,0.029,0.19,205.166,78.976,-3.12
1,1.00E+17,0.029,0.21,257.553,85.024,-3.63
1,1.00E+17,0.029,0.23,307.466,90.848,-4.145
1,1.00E+17,0.029,0.25,353.419,96.368,-4.665
1,1.00E+17,0.029,0.27,396.575,101.636,-5.19
1,1.00E+17,0.029,0.29,437.322,106.6,-5.718
1,1.00E+17,0.029,0.31,474.643,111.192,-6.25
1,2.00E+17,0.015,0.15,23.85945,76.516,-0.458
1,2.00E+17,0.015,0.17,39.7771,85.008,-0.717
1,2.00E+17,0.015,0.19,60.14775,93.204,-0.978
1,2.00E+17,0.015,0.21,84.98785,101.156,-1.239
1,2.00E+17,0.015,0.23,114.3294,108.908,-1.506
1,2.00E+17,0.015,0.25,148.14,116.372,-1.787
1,2.00E+17,0.015,0.27,186.371,123.576,-2.068
1,2.00E+17,0.015,0.29,228.7985,130.456,-2.349
1,2.00E+17,0.015,0.31,274.9775,136.294,-2.63
1,2.00E+17,0.017,0.15,35.07495,74.748,-0.696
1,2.00E+17,0.017,0.17,55.4339,82.796,-0.983
1,2.00E+17,0.017,0.19,80.7115,90.616,-1.286
1,2.00E+17,0.017,0.21,110.9201,98.176,-1.596
1,2.00E+17,0.017,0.23,146.06,105.468,-1.899
1,2.00E+17,0.017,0.25,186.0885,112.52,-2.199
1,2.00E+17,0.017,0.27,230.778,119.268,-2.496
1,2.00E+17,0.017,0.29,279.6095,125.83,-2.829
1,2.00E+17,0.017,0.31,331.4775,132.212,-3.149
1,2.00E+17,0.019,0.15,47.15505,73.088,-0.934
1,2.00E+17,0.019,0.17,71.80985,80.8,-1.249
1,2.00E+17,0.019,0.19,101.82545,88.208,-1.6
1,2.00E+17,0.019,0.21,137.198,95.544,-1.931
1,2.00E+17,0.019,0.23,177.8755,102.64,-2.255
1,2.00E+17,0.019,0.25,223.6015,109.09,-2.618
1,2.00E+17,0.019,0.27,273.7305,115.524,-2.955
1,2.00E+17,0.019,0.29,326.735,121.984,-3.309
1,2.00E+17,0.019,0.31,379.5175,127.948,-3.667
1,2.00E+17,0.021,0.15,59.75885,71.552,-1.171
1,2.00E+17,0.021,0.17,88.57935,78.932,-1.527
1,2.00E+17,0.021,0.19,123.179,86.156,-1.903
1,2.00E+17,0.021,0.21,163.481,93.2,-2.257
1,2.00E+17,0.021,0.23,209.2085,99.706,-2.648
1,2.00E+17,0.021,0.25,259.599,106.32,-3.01
1,2.00E+17,0.021,0.27,312.7235,112.68,-3.409
1,2.00E+17,0.021,0.29,365.442,118.456,-3.788
1,2.00E+17,0.021,0.31,414.4185,124.064,-4.185
1,2.00E+17,0.023,0.15,72.4072,61.226,-1.41
1,2.00E+17,0.023,0.17,105.431,71.9732,-1.804
1,2.00E+17,0.023,0.19,144.593,81.988,-2.202
1,2.00E+17,0.023,0.21,189.679,90.888,-2.616
1,2.00E+17,0.023,0.23,240.056,97.704,-3.008
1,2.00E+17,0.023,0.25,293.779,103.976,-3.434
1,2.00E+17,0.023,0.27,346.842,109.832,-3.859
1,2.00E+17,0.023,0.29,395.823,115.528,-4.267
1,2.00E+17,0.023,0.31,440.022,120.788,-4.703
1,2.00E+17,0.025,0.15,85.6021,62.7492,-1.648
1,2.00E+17,0.025,0.17,122.533,72.924,-2.078
1,2.00E+17,0.025,0.19,165.875,82.076,-2.498
1,2.00E+17,0.025,0.21,214.962,89.012,-2.949
1,2.00E+17,0.025,0.23,267.937,95.376,-3.4
1,2.00E+17,0.025,0.25,320.692,101.28,-3.851
1,2.00E+17,0.025,0.27,369.87,106.964,-4.299
1,2.00E+17,0.025,0.29,414.932,112.476,-4.747
1,2.00E+17,0.025,0.31,455.765,117.428,-5.221
1,2.00E+17,0.027,0.15,98.8658,63.7732,-1.886
1,2.00E+17,0.027,0.17,139.547,73.268,-2.351
1,2.00E+17,0.027,0.19,186.621,80.976,-2.818
1,2.00E+17,0.027,0.21,238.441,87.14,-3.288
1,2.00E+17,0.027,0.23,291.085,92.988,-3.761
1,2.00E+17,0.027,0.25,340.46,98.848,-4.245
1,2.00E+17,0.027,0.27,386,104.392,-4.738
1,2.00E+17,0.027,0.29,428.487,109.568,-5.236
1,2.00E+17,0.027,0.31,467.266,114.32,-5.738
1,2.00E+17,0.029,0.15,112.117,64.3616,-2.124
1,2.00E+17,0.029,0.17,156.29,72.892,-2.623
1,2.00E+17,0.029,0.19,206.312,79.236,-3.128
1,2.00E+17,0.029,0.21,258.764,85.272,-3.637
1,2.00E+17,0.029,0.23,308.696,91.092,-4.152
1,2.00E+17,0.029,0.25,354.673,96.612,-4.672
1,2.00E+17,0.029,0.27,397.864,101.872,-5.196
1,2.00E+17,0.029,0.29,438.657,106.836,-5.724
1,2.00E+17,0.029,0.31,476.034,111.428,-6.261
1,4.00E+17,0.015,0.15,24.08695,76.752,-0.461
1,4.00E+17,0.015,0.17,40.0804,85.232,-0.72
1,4.00E+17,0.015,0.19,60.53025,93.428,-0.981
1,4.00E+17,0.015,0.21,85.4547,101.384,-1.242
1,4.00E+17,0.015,0.23,114.88635,109.152,-1.512
1,4.00E+17,0.015,0.25,148.795,116.62,-1.792
1,4.00E+17,0.015,0.27,187.133,123.836,-2.073
1,4.00E+17,0.015,0.29,229.6745,130.736,-2.353
1,4.00E+17,0.015,0.31,275.9765,136.594,-2.634
1,4.00E+17,0.017,0.15,35.428,75.028,-0.7
1,4.00E+17,0.017,0.17,55.88805,83.064,-0.987
1,4.00E+17,0.017,0.19,81.2705,90.88,-1.293
1,4.00E+17,0.017,0.21,111.58965,98.432,-1.602
1,4.00E+17,0.017,0.23,146.8455,105.728,-1.904
1,4.00E+17,0.017,0.25,186.998,112.808,-2.203
1,4.00E+17,0.017,0.27,231.816,119.536,-2.5
1,4.00E+17,0.017,0.29,280.7795,126.118,-2.835
1,4.00E+17,0.017,0.31,332.7745,132.528,-3.153
1,4.00E+17,0.019,0.15,47.65885,73.404,-0.939
1,4.00E+17,0.019,0.17,72.44305,81.1,-1.258
1,4.00E+17,0.019,0.19,102.59195,88.524,-1.606
1,4.00E+17,0.019,0.21,138.1015,95.852,-1.936
1,4.00E+17,0.019,0.23,178.9205,102.948,-2.265
1,4.00E+17,0.019,0.25,224.79,109.404,-2.624
1,4.00E+17,0.019,0.27,275.0575,115.848,-2.96
1,4.00E+17,0.019,0.29,328.179,122.312,-3.317
1,4.00E+17,0.019,0.31,381.0505,128.28,-3.673
1,4.00E+17,0.021,0.15,60.43745,71.908,-1.179
1,4.00E+17,0.021,0.17,89.41745,79.268,-1.537
1,4.00E+17,0.021,0.19,124.179,86.5,-1.911
1,4.00E+17,0.021,0.21,164.6445,93.532,-2.269
1,4.00E+17,0.021,0.23,210.532,100.036,-2.656
1,4.00E+17,0.021,0.25,261.0695,106.656,-3.022
1,4.00E+17,0.021,0.27,314.302,113.004,-3.416
1,4.00E+17,0.021,0.29,367.0885,118.764,-3.798
1,4.00E+17,0.021,0.31,416.115,124.408,-4.191
1,4.00E+17,0.023,0.15,73.2908,61.6612,-1.419
1,4.00E+17,0.023,0.17,106.509,72.4076,-1.815
1,4.00E+17,0.023,0.19,145.862,82.408,-2.21
1,4.00E+17,0.023,0.21,191.135,91.28,-2.625
1,4.00E+17,0.023,0.23,241.682,98.076,-3.021
1,4.00E+17,0.023,0.25,295.524,104.316,-3.443
1,4.00E+17,0.023,0.27,348.625,110.196,-3.868
1,4.00E+17,0.023,0.29,397.633,115.86,-4.28
1,4.00E+17,0.023,0.31,441.889,121.152,-4.711
1,4.00E+17,0.025,0.15,86.7042,63.2228,-1.659
1,4.00E+17,0.025,0.17,123.858,73.38,-2.091
1,4.00E+17,0.025,0.19,167.418,82.508,-2.512
1,4.00E+17,0.025,0.21,216.699,89.412,-2.958
1,4.00E+17,0.025,0.23,269.806,95.736,-3.41
1,4.00E+17,0.025,0.25,322.592,101.656,-3.862
1,4.00E+17,0.025,0.27,371.785,107.3,-4.313
1,4.00E+17,0.025,0.29,416.885,112.824,-4.761
1,4.00E+17,0.025,0.31,457.783,117.796,-5.23
1,4.00E+17,0.027,0.15,100.204,64.2792,-1.899
1,4.00E+17,0.027,0.17,141.137,73.744,-2.365
1,4.00E+17,0.027,0.19,188.441,81.384,-2.833
1,4.00E+17,0.027,0.21,240.426,87.544,-3.304
1,4.00E+17,0.027,0.23,293.11,93.392,-3.779
1,4.00E+17,0.027,0.25,342.485,99.196,-4.259
1,4.00E+17,0.027,0.27,388.045,104.748,-4.748
1,4.00E+17,0.027,0.29,430.58,109.932,-5.246
1,4.00E+17,0.027,0.31,469.43,114.688,-5.748
1,4.00E+17,0.029,0.15,113.706,64.8896,-2.139
1,4.00E+17,0.029,0.17,158.152,73.36,-2.638
1,4.00E+17,0.029,0.19,208.389,79.64,-3.142
1,4.00E+17,0.029,0.21,260.923,85.664,-3.652
1,4.00E+17,0.029,0.23,310.842,91.48,-4.166
1,4.00E+17,0.029,0.25,356.821,97,-4.685
1,4.00E+17,0.029,0.27,400.042,102.256,-5.209
1,4.00E+17,0.029,0.29,440.888,107.212,-5.736
1,4.00E+17,0.029,0.31,478.34,111.8,-6.282
1,6.00E+17,0.015,0.15,24.3213,77.008,-0.465
1,6.00E+17,0.015,0.17,40.39295,85.472,-0.724
1,6.00E+17,0.015,0.19,60.92375,93.664,-0.984
1,6.00E+17,0.015,0.21,85.93275,101.624,-1.246
1,6.00E+17,0.015,0.23,115.4544,109.392,-1.518
1,6.00E+17,0.015,0.25,149.4575,116.868,-1.798
1,6.00E+17,0.015,0.27,187.8965,124.1,-2.077
1,6.00E+17,0.015,0.29,230.5465,131.004,-2.358
1,6.00E+17,0.015,0.31,276.9625,136.882,-2.638
1,6.00E+17,0.017,0.15,35.7844,75.296,-0.705
1,6.00E+17,0.017,0.17,56.3454,83.324,-0.991
1,6.00E+17,0.017,0.19,81.8319,91.132,-1.3
1,6.00E+17,0.017,0.21,112.258,98.68,-1.607
1,6.00E+17,0.017,0.23,147.6255,105.972,-1.909
1,6.00E+17,0.017,0.25,187.8935,113.08,-2.207
1,6.00E+17,0.017,0.27,232.831,119.784,-2.508
1,6.00E+17,0.017,0.29,281.9145,126.382,-2.841
1,6.00E+17,0.017,0.31,334.0215,132.808,-3.158
1,6.00E+17,0.019,0.15,48.15745,73.696,-0.945
1,6.00E+17,0.019,0.17,73.0669,81.376,-1.267
1,6.00E+17,0.019,0.19,103.343,88.816,-1.613
1,6.00E+17,0.019,0.21,138.983,96.136,-1.942
1,6.00E+17,0.019,0.23,179.9335,103.224,-2.274
1,6.00E+17,0.019,0.25,225.934,109.688,-2.63
1,6.00E+17,0.019,0.27,276.3245,116.144,-2.965
1,6.00E+17,0.019,0.29,329.5435,122.604,-3.325
1,6.00E+17,0.019,0.31,382.48,128.564,-3.678
1,6.00E+17,0.021,0.15,61.09645,72.216,-1.186
1,6.00E+17,0.021,0.17,90.22705,79.552,-1.547
1,6.00E+17,0.021,0.19,125.1395,86.804,-1.918
1,6.00E+17,0.021,0.21,165.7555,93.82,-2.28
1,6.00E+17,0.021,0.23,211.788,100.32,-2.663
1,6.00E+17,0.021,0.25,262.4535,106.952,-3.033
1,6.00E+17,0.021,0.27,315.77,113.28,-3.423
1,6.00E+17,0.021,0.29,368.5965,119.02,-3.808
1,6.00E+17,0.021,0.31,417.643,124.692,-4.198
1,6.00E+17,0.023,0.15,74.1323,62.0464,-1.427
1,6.00E+17,0.023,0.17,107.528,72.7836,-1.826
1,6.00E+17,0.023,0.19,147.056,82.768,-2.218
1,6.00E+17,0.023,0.21,192.496,91.612,-2.634
1,6.00E+17,0.023,0.23,243.188,98.38,-3.034
1,6.00E+17,0.023,0.25,297.121,104.592,-3.451
1,6.00E+17,0.023,0.27,350.227,110.492,-3.878
1,6.00E+17,0.023,0.29,399.228,116.128,-4.293
1,6.00E+17,0.023,0.31,443.507,121.444,-4.718
1,6.00E+17,0.025,0.15,87.7382,63.6284,-1.669
1,6.00E+17,0.025,0.17,125.094,73.772,-2.103
1,6.00E+17,0.025,0.19,168.847,82.864,-2.527
1,6.00E+17,0.025,0.21,218.293,89.736,-2.967
1,6.00E+17,0.025,0.23,271.5,96.02,-3.42
1,6.00E+17,0.025,0.25,324.278,101.956,-3.874
1,6.00E+17,0.025,0.27,373.449,107.552,-4.326
1,6.00E+17,0.025,0.29,418.552,113.1,-4.777
1,6.00E+17,0.025,0.31,459.48,118.084,-5.238
1,6.00E+17,0.027,0.15,101.443,64.6992,-1.911
1,6.00E+17,0.027,0.17,142.598,74.128,-2.378
1,6.00E+17,0.027,0.19,190.099,81.696,-2.847
1,6.00E+17,0.027,0.21,242.212,87.856,-3.32
1,6.00E+17,0.027,0.23,294.895,93.712,-3.796
1,6.00E+17,0.027,0.25,344.225,99.456,-4.278
1,6.00E+17,0.027,0.27,389.77,105.02,-4.766
1,6.00E+17,0.027,0.29,432.317,110.212,-5.262
1,6.00E+17,0.027,0.31,471.205,114.976,-5.766
1,6.00E+17,0.029,0.15,115.161,65.318,-2.153
1,6.00E+17,0.029,0.17,159.842,73.728,-2.653
1,6.00E+17,0.029,0.19,210.251,79.932,-3.157
1,6.00E+17,0.029,0.21,262.819,85.96,-3.666
1,6.00E+17,0.029,0.23,312.676,91.772,-4.18
1,6.00E+17,0.029,0.25,358.616,97.292,-4.698
1,6.00E+17,0.029,0.27,401.833,102.548,-5.221
1,6.00E+17,0.029,0.29,442.695,107.5,-5.748
1,6.00E+17,0.029,0.31,480.191,112.08,-6.301
1,8.00E+17,0.015,0.15,24.55625,77.256,-0.468
1,8.00E+17,0.015,0.17,40.7053,85.7,-0.727
1,8.00E+17,0.015,0.19,61.31565,93.888,-0.987
1,8.00E+17,0.015,0.21,86.40685,101.848,-1.249
1,8.00E+17,0.015,0.23,116.01455,109.62,-1.524
1,8.00E+17,0.015,0.25,150.108,117.104,-1.803
1,8.00E+17,0.015,0.27,188.6425,124.336,-2.082
1,8.00E+17,0.015,0.29,231.392,131.248,-2.362
1,8.00E+17,0.015,0.31,277.9125,137.146,-2.642
1,8.00E+17,0.017,0.15,36.13745,75.544,-0.709
1,8.00E+17,0.017,0.17,56.7964,83.56,-0.995
1,8.00E+17,0.017,0.19,82.38265,91.36,-1.306
1,8.00E+17,0.017,0.21,112.91105,98.908,-1.612
1,8.00E+17,0.017,0.23,148.3845,106.192,-1.914
1,8.00E+17,0.017,0.25,188.76,113.328,-2.212
1,8.00E+17,0.017,0.27,233.807,120,-2.516
1,8.00E+17,0.017,0.29,282.9985,126.614,-2.847
1,8.00E+17,0.017,0.31,335.203,133.06,-3.163
1,8.00E+17,0.019,0.15,48.64555,73.948,-0.951
1,8.00E+17,0.019,0.17,73.67445,81.62,-1.276
1,8.00E+17,0.019,0.19,104.07125,89.072,-1.62
1,8.00E+17,0.019,0.21,139.833,96.384,-1.947
1,8.00E+17,0.019,0.23,180.9065,103.464,-2.283
1,8.00E+17,0.019,0.25,227.0255,109.934,-2.637
1,8.00E+17,0.019,0.27,277.526,116.4,-2.97
1,8.00E+17,0.019,0.29,330.826,122.856,-3.332
1,8.00E+17,0.019,0.31,383.807,128.812,-3.684
1,8.00E+17,0.021,0.15,61.73485,72.484,-1.193
1,8.00E+17,0.021,0.17,91.0066,79.796,-1.557
1,8.00E+17,0.021,0.19,126.0605,87.064,-1.925
1,8.00E+17,0.021,0.21,166.816,94.06,-2.29
1,8.00E+17,0.021,0.23,212.979,100.564,-2.67
1,8.00E+17,0.021,0.25,263.7565,107.2,-3.043
1,8.00E+17,0.021,0.27,317.1385,113.512,-3.43
1,8.00E+17,0.021,0.29,369.9845,119.236,-3.818
1,8.00E+17,0.021,0.31,419.0255,124.936,-4.205
1,8.00E+17,0.023,0.15,74.9395,62.3904,-1.436
1,8.00E+17,0.023,0.17,108.5,73.1164,-1.837
1,8.00E+17,0.023,0.19,148.188,83.084,-2.226
1,8.00E+17,0.023,0.21,193.779,91.888,-2.643
1,8.00E+17,0.023,0.23,244.6,98.632,-3.046
1,8.00E+17,0.023,0.25,298.602,104.816,-3.458
1,8.00E+17,0.023,0.27,351.686,110.736,-3.887
1,8.00E+17,0.023,0.29,400.656,116.34,-4.305
1,8.00E+17,0.023,0.31,444.933,121.68,-4.726
1,8.00E+17,0.025,0.15,88.7228,63.984,-1.679
1,8.00E+17,0.025,0.17,126.263,74.104,-2.114
1,8.00E+17,0.025,0.19,170.191,83.164,-2.542
1,8.00E+17,0.025,0.21,219.783,90.008,-2.977
1,8.00E+17,0.025,0.23,273.066,96.248,-3.43
1,8.00E+17,0.025,0.25,325.809,102.2,-3.885
1,8.00E+17,0.025,0.27,374.931,107.752,-4.339
1,8.00E+17,0.025,0.29,420.013,113.312,-4.792
1,8.00E+17,0.025,0.31,460.948,118.32,-5.247
1,8.00E+17,0.027,0.15,102.616,65.0624,-1.923
1,8.00E+17,0.027,0.17,143.973,74.46,-2.391
1,8.00E+17,0.027,0.19,191.648,81.94,-2.861
1,8.00E+17,0.027,0.21,243.863,88.108,-3.334
1,8.00E+17,0.027,0.23,296.513,93.972,-3.812
1,8.00E+17,0.027,0.25,345.773,99.652,-4.294
1,8.00E+17,0.027,0.27,391.278,105.232,-4.783
1,8.00E+17,0.027,0.29,433.815,110.428,-5.28
1,8.00E+17,0.027,0.31,472.717,115.208,-5.784
1,8.00E+17,0.029,0.15,116.53,65.676,-2.167
1,8.00E+17,0.029,0.17,161.422,74.02,-2.667
1,8.00E+17,0.029,0.19,211.976,80.16,-3.17
1,8.00E+17,0.029,0.21,264.543,86.188,-3.679
1,8.00E+17,0.029,0.23,314.307,92,-4.193
1,8.00E+17,0.029,0.25,360.184,97.52,-4.711
1,8.00E+17,0.029,0.27,403.373,102.772,-5.233
1,8.00E+17,0.029,0.29,444.233,107.724,-5.768
1,8.00E+17,0.029,0.31,481.749,112.304,-6.32
1,1.00E+18,0.015,0.15,24.79015,77.488,-0.472
1,1.00E+18,0.015,0.17,41.0151,85.916,-0.73
1,1.00E+18,0.015,0.19,61.70295,94.1,-0.99
1,1.00E+18,0.015,0.21,86.8737,102.056,-1.254
1,1.00E+18,0.015,0.23,116.5634,109.828,-1.53
1,1.00E+18,0.015,0.25,150.7425,117.316,-1.808
1,1.00E+18,0.015,0.27,189.3665,124.552,-2.087
1,1.00E+18,0.015,0.29,232.2095,131.468,-2.366
1,1.00E+18,0.015,0.31,278.825,137.384,-2.646
1,1.00E+18,0.017,0.15,36.486,75.768,-0.714
1,1.00E+18,0.017,0.17,57.23975,83.772,-0.999
1,1.00E+18,0.017,0.19,82.9217,91.568,-1.312
1,1.00E+18,0.017,0.21,113.5482,99.108,-1.618
1,1.00E+18,0.017,0.23,149.1205,106.392,-1.918
1,1.00E+18,0.017,0.25,189.5975,113.552,-2.216
1,1.00E+18,0.017,0.27,234.746,120.192,-2.524
1,1.00E+18,0.017,0.29,284.036,126.816,-2.852
1,1.00E+18,0.017,0.31,336.3255,133.284,-3.167
1,1.00E+18,0.019,0.15,49.1239,74.176,-0.956
1,1.00E+18,0.019,0.17,74.2671,81.832,-1.285
1,1.00E+18,0.019,0.19,104.779,89.304,-1.626
1,1.00E+18,0.019,0.21,140.6555,96.604,-1.953
1,1.00E+18,0.019,0.23,181.8435,103.672,-2.292
1,1.00E+18,0.019,0.25,228.073,110.152,-2.643
1,1.00E+18,0.019,0.27,278.6715,116.632,-2.975
1,1.00E+18,0.019,0.29,332.038,123.08,-3.339
1,1.00E+18,0.019,0.31,385.048,129.028,-3.689
1,1.00E+18,0.021,0.15,62.35665,72.708,-1.2
1,1.00E+18,0.021,0.17,91.7626,80.004,-1.566
1,1.00E+18,0.021,0.19,126.95,87.292,-1.932
1,1.00E+18,0.021,0.21,167.835,94.272,-2.3
1,1.00E+18,0.021,0.23,214.1195,100.774,-2.677
1,1.00E+18,0.021,0.25,264.9965,107.416,-3.053
1,1.00E+18,0.021,0.27,318.43,113.712,-3.437
1,1.00E+18,0.021,0.29,371.2775,119.412,-3.827
1,1.00E+18,0.021,0.31,420.2955,125.144,-4.211
1,1.00E+18,0.023,0.15,75.7216,62.704,-1.444
1,1.00E+18,0.023,0.17,109.437,73.416,-1.847
1,1.00E+18,0.023,0.19,149.276,83.364,-2.234
1,1.00E+18,0.023,0.21,195.007,92.132,-2.652
1,1.00E+18,0.023,0.23,245.942,98.856,-3.058
1,1.00E+18,0.023,0.25,299.996,105.004,-3.466
1,1.00E+18,0.023,0.27,353.042,110.948,-3.896
1,1.00E+18,0.023,0.29,401.962,116.52,-4.316
1,1.00E+18,0.023,0.31,446.219,121.884,-4.733
1,1.00E+18,0.025,0.15,89.6733,64.3044,-1.689
1,1.00E+18,0.025,0.17,127.387,74.404,-2.125
1,1.00E+18,0.025,0.19,171.476,83.424,-2.556
1,1.00E+18,0.025,0.21,221.199,90.236,-2.986
1,1.00E+18,0.025,0.23,274.541,96.436,-3.44
1,1.00E+18,0.025,0.25,327.23,102.408,-3.895
1,1.00E+18,0.025,0.27,376.285,107.964,-4.351
1,1.00E+18,0.025,0.29,421.33,113.492,-4.806
1,1.00E+18,0.025,0.31,462.257,118.516,-5.261
1,1.00E+18,0.027,0.15,103.744,65.3816,-1.935
1,1.00E+18,0.027,0.17,145.29,74.744,-2.403
1,1.00E+18,0.027,0.19,193.124,82.14,-2.874
1,1.00E+18,0.027,0.21,245.421,88.316,-3.349
1,1.00E+18,0.027,0.23,298.018,94.196,-3.827
1,1.00E+18,0.027,0.25,347.189,99.808,-4.31
1,1.00E+18,0.027,0.27,392.638,105.396,-4.8
1,1.00E+18,0.027,0.29,435.151,110.608,-5.297
1,1.00E+18,0.027,0.31,474.054,115.392,-5.801
1,1.00E+18,0.029,0.15,117.821,65.96,-2.181
1,1.00E+18,0.029,0.17,162.932,74.272,-2.68
1,1.00E+18,0.029,0.19,213.61,80.336,-3.184
1,1.00E+18,0.029,0.21,266.153,86.364,-3.692
1,1.00E+18,0.029,0.23,315.805,92.188,-4.206
1,1.00E+18,0.029,0.25,361.604,97.704,-4.723
1,1.00E+18,0.029,0.27,404.751,102.956,-5.245
1,1.00E+18,0.029,0.29,445.594,107.908,-5.788
1,1.00E+18,0.029,0.31,483.117,112.48,-6.337
1,2.00E+18,0.015,0.15,25.9416,78.428,-0.488
1,2.00E+18,0.015,0.17,42.524,86.756,-0.746
1,2.00E+18,0.015,0.19,63.57125,94.924,-1.012
1,2.00E+18,0.015,0.21,89.1055,102.88,-1.283
1,2.00E+18,0.015,0.23,119.16505,110.66,-1.557
1,2.00E+18,0.015,0.25,153.7225,118.152,-1.832
1,2.00E+18,0.015,0.27,192.732,125.4,-2.109
1,2.00E+18,0.015,0.29,235.9665,132.332,-2.386
1,2.00E+18,0.015,0.31,282.974,138.312,-2.664
1,2.00E+18,0.017,0.15,38.18035,76.612,-0.735
1,2.00E+18,0.017,0.17,59.37175,84.576,-1.036
1,2.00E+18,0.017,0.19,85.49125,92.348,-1.342
1,2.00E+18,0.017,0.21,116.55655,99.904,-1.643
1,2.00E+18,0.017,0.23,152.57,107.256,-1.94
1,2.00E+18,0.017,0.25,193.4865,114.408,-2.236
1,2.00E+18,0.017,0.27,239.0635,120.86,-2.559
1,2.00E+18,0.017,0.29,288.753,127.556,-2.879
1,2.00E+18,0.017,0.31,341.353,134.104,-3.19
1,2.00E+18,0.019,0.15,51.42665,75.004,-0.983
1,2.00E+18,0.019,0.17,77.0909,82.672,-1.324
1,2.00E+18,0.019,0.19,108.1199,90.18,-1.657
1,2.00E+18,0.019,0.21,144.5085,97.44,-1.979
1,2.00E+18,0.019,0.23,186.1965,104.46,-2.331
1,2.00E+18,0.019,0.25,232.8935,110.97,-2.672
1,2.00E+18,0.019,0.27,283.887,117.504,-3
1,2.00E+18,0.019,0.29,337.4685,123.908,-3.373
1,2.00E+18,0.019,0.31,390.48,129.804,-3.715
1,2.00E+18,0.021,0.15,65.32925,73.532,-1.233
1,2.00E+18,0.021,0.17,95.34245,80.9,-1.61
1,2.00E+18,0.021,0.19,131.1245,88.132,-1.965
1,2.00E+18,0.021,0.21,172.581,95.024,-2.346
1,2.00E+18,0.021,0.23,219.3825,101.534,-2.71
1,2.00E+18,0.021,0.25,270.6525,108.212,-3.099
1,2.00E+18,0.021,0.27,324.2145,114.404,-3.469
1,2.00E+18,0.021,0.29,376.9345,120.224,-3.87
1,2.00E+18,0.021,0.31,425.695,125.872,-4.242
1,2.00E+18,0.023,0.15,79.4429,64.0212,-1.484
1,2.00E+18,0.023,0.17,113.854,74.6476,-1.894
1,2.00E+18,0.023,0.19,154.335,84.456,-2.287
1,2.00E+18,0.023,0.21,200.695,93.044,-2.694
1,2.00E+18,0.023,0.23,252.092,99.636,-3.111
1,2.00E+18,0.023,0.25,306.264,105.62,-3.506
1,2.00E+18,0.023,0.27,358.965,111.704,-3.938
1,2.00E+18,0.023,0.29,407.729,117.144,-4.368
1,2.00E+18,0.023,0.31,451.547,122.584,-4.787
1,2.00E+18,0.025,0.15,94.182,65.6296,-1.737
1,2.00E+18,0.025,0.17,132.669,75.604,-2.178
1,2.00E+18,0.025,0.19,177.466,84.408,-2.617
1,2.00E+18,0.025,0.21,227.726,91.068,-3.051
1,2.00E+18,0.025,0.23,281.206,97.044,-3.486
1,2.00E+18,0.025,0.25,333.469,103.128,-3.945
1,2.00E+18,0.025,0.27,382.071,108.788,-4.406
1,2.00E+18,0.025,0.29,426.824,114.052,-4.868
1,2.00E+18,0.025,0.31,467.601,119.168,-5.332
1,2.00E+18,0.027,0.15,109.089,66.6968,-1.99
1,2.00E+18,0.027,0.17,151.466,75.848,-2.461
1,2.00E+18,0.027,0.19,199.969,82.78,-2.935
1,2.00E+18,0.027,0.21,252.519,89.024,-3.412
1,2.00E+18,0.027,0.23,304.674,94.972,-3.894
1,2.00E+18,0.027,0.25,353.282,100.648,-4.381
1,2.00E+18,0.027,0.27,398.359,105.956,-4.872
1,2.00E+18,0.027,0.29,440.656,111.168,-5.37
1,2.00E+18,0.027,0.31,479.466,115.992,-5.873
1,2.00E+18,0.029,0.15,124.037,67.216,-2.245
1,2.00E+18,0.029,0.17,169.992,75.148,-2.744
1,2.00E+18,0.029,0.19,221.128,81.224,-3.247
1,2.00E+18,0.029,0.21,273.346,87.072,-3.757
1,2.00E+18,0.029,0.23,322.309,92.744,-4.278
1,2.00E+18,0.029,0.25,367.625,98.276,-4.805
1,2.00E+18,0.029,0.27,410.484,103.536,-5.337
1,2.00E+18,0.029,0.29,451.166,108.48,-5.873
1,2.00E+18,0.029,0.31,488.636,113.024,-6.412
1,4.00E+18,0.015,0.15,28.2185,79.724,-0.536
1,4.00E+18,0.015,0.17,45.4538,87.928,-0.799
1,4.00E+18,0.015,0.19,67.1449,95.992,-1.065
1,4.00E+18,0.015,0.21,93.3184,103.944,-1.333
1,4.00E+18,0.015,0.23,124.0173,111.728,-1.603
1,4.00E+18,0.015,0.25,159.2125,119.228,-1.875
1,4.00E+18,0.015,0.27,198.858,126.484,-2.148
1,4.00E+18,0.015,0.29,242.7165,133.424,-2.422
1,4.00E+18,0.015,0.31,290.3165,139.534,-2.698
1,4.00E+18,0.017,0.15,41.49665,77.88,-0.795
1,4.00E+18,0.017,0.17,63.47645,85.812,-1.097
1,4.00E+18,0.017,0.19,90.37265,93.568,-1.394
1,4.00E+18,0.017,0.21,122.20105,101.088,-1.689
1,4.00E+18,0.017,0.23,158.977,108.416,-1.982
1,4.00E+18,0.017,0.25,200.632,115.54,-2.298
1,4.00E+18,0.017,0.27,246.905,121.9,-2.617
1,4.00E+18,0.017,0.29,297.203,128.388,-2.926
1,4.00E+18,0.017,0.31,350.1775,135.116,-3.231
1,4.00E+18,0.019,0.15,55.90595,76.208,-1.058
1,4.00E+18,0.019,0.17,82.50365,83.896,-1.391
1,4.00E+18,0.019,0.19,114.4483,91.332,-1.713
1,4.00E+18,0.019,0.21,151.73,98.504,-2.052
1,4.00E+18,0.019,0.23,194.2705,105.424,-2.397
1,4.00E+18,0.019,0.25,241.7345,112.014,-2.726
1,4.00E+18,0.019,0.27,293.329,118.676,-3.085
1,4.00E+18,0.019,0.29,347.0565,124.96,-3.433
1,4.00E+18,0.019,0.31,399.7835,130.72,-3.779
1,4.00E+18,0.021,0.15,71.0935,74.696,-1.323
1,4.00E+18,0.021,0.17,102.19195,82.104,-1.684
1,4.00E+18,0.021,0.19,139.0195,89.18,-2.048
1,4.00E+18,0.021,0.21,181.4685,95.888,-2.422
1,4.00E+18,0.021,0.23,229.122,102.432,-2.79
1,4.00E+18,0.021,0.25,280.9415,109.192,-3.174
1,4.00E+18,0.021,0.27,334.479,115.196,-3.555
1,4.00E+18,0.021,0.29,386.6625,121.296,-3.942
1,4.00E+18,0.021,0.31,434.676,126.696,-4.339
1,4.00E+18,0.023,0.15,86.6508,66.1704,-1.592
1,4.00E+18,0.023,0.17,122.276,76.56,-1.977
1,4.00E+18,0.023,0.19,163.948,86.132,-2.39
1,4.00E+18,0.023,0.21,211.373,94.28,-2.786
1,4.00E+18,0.023,0.23,263.399,100.544,-3.198
1,4.00E+18,0.023,0.25,317.434,106.704,-3.62
1,4.00E+18,0.023,0.27,369.166,112.556,-4.025
1,4.00E+18,0.023,0.29,417.027,118.276,-4.454
1,4.00E+18,0.023,0.31,460.224,123.312,-4.892
1,4.00E+18,0.025,0.15,102.912,67.7612,-1.862
1,4.00E+18,0.025,0.17,142.77,77.44,-2.284
1,4.00E+18,0.025,0.19,188.78,85.744,-2.718
1,4.00E+18,0.025,0.21,239.834,92.044,-3.166
1,4.00E+18,0.025,0.23,293.167,98.176,-3.613
1,4.00E+18,0.025,0.25,344.283,103.872,-4.058
1,4.00E+18,0.025,0.27,391.843,109.756,-4.499
1,4.00E+18,0.025,0.29,435.891,115.096,-4.968
1,4.00E+18,0.025,0.31,476.23,119.92,-5.44
1,4.00E+18,0.027,0.15,119.409,68.728,-2.135
1,4.00E+18,0.027,0.17,163.263,77.428,-2.599
1,4.00E+18,0.027,0.19,212.807,84,-3.066
1,4.00E+18,0.027,0.21,265.399,90.008,-3.535
1,4.00E+18,0.027,0.23,316.296,95.784,-4.008
1,4.00E+18,0.027,0.25,363.665,101.616,-4.493
1,4.00E+18,0.027,0.27,407.914,107.068,-4.986
1,4.00E+18,0.027,0.29,449.679,112.168,-5.484
1,4.00E+18,0.027,0.31,488.174,116.868,-5.987
1,4.00E+18,0.029,0.15,136.06,69.112,-2.409
1,4.00E+18,0.029,0.17,183.407,76.088,-2.908
1,4.00E+18,0.029,0.19,234.983,82.256,-3.412
1,4.00E+18,0.029,0.21,286.017,88.188,-3.921
1,4.00E+18,0.029,0.23,333.483,93.908,-4.435
1,4.00E+18,0.029,0.25,377.785,99.344,-4.953
1,4.00E+18,0.029,0.27,420,104.54,-5.476
1,4.00E+18,0.029,0.29,460.267,109.448,-6.005
1,4.00E+18,0.029,0.31,497.508,114,-6.559
1,6.00E+18,0.015,0.15,30.53015,80.692,-0.584
1,6.00E+18,0.015,0.17,48.38205,88.892,-0.846
1,6.00E+18,0.015,0.19,70.67535,96.884,-1.11
1,6.00E+18,0.015,0.21,97.45075,104.72,-1.376
1,6.00E+18,0.015,0.23,128.7245,112.46,-1.643
1,6.00E+18,0.015,0.25,164.505,119.972,-1.912
1,6.00E+18,0.015,0.27,204.721,127.24,-2.183
1,6.00E+18,0.015,0.29,249.128,134.184,-2.456
1,6.00E+18,0.015,0.31,297.233,140.428,-2.729
1,6.00E+18,0.017,0.15,44.84695,78.848,-0.854
1,6.00E+18,0.017,0.17,67.5693,86.752,-1.148
1,6.00E+18,0.017,0.19,95.19265,94.48,-1.44
1,6.00E+18,0.017,0.21,127.7365,101.976,-1.731
1,6.00E+18,0.017,0.23,165.21,109.272,-2.041
1,6.00E+18,0.017,0.25,207.537,116.36,-2.357
1,6.00E+18,0.017,0.27,254.4275,122.83,-2.665
1,6.00E+18,0.017,0.29,305.234,129.132,-2.968
1,6.00E+18,0.017,0.31,358.44,135.78,-3.288
1,6.00E+18,0.019,0.15,60.4256,77.204,-1.127
1,6.00E+18,0.019,0.17,87.8995,84.808,-1.448
1,6.00E+18,0.019,0.19,120.69845,92.156,-1.775
1,6.00E+18,0.019,0.21,158.8145,99.232,-2.123
1,6.00E+18,0.019,0.23,202.136,106.036,-2.453
1,6.00E+18,0.019,0.25,250.2765,112.726,-2.797
1,6.00E+18,0.019,0.27,302.322,119.516,-3.15
1,6.00E+18,0.019,0.29,356.0475,125.68,-3.484
1,6.00E+18,0.019,0.31,408.328,131.28,-3.857
1,6.00E+18,0.021,0.15,76.90095,75.684,-1.403
1,6.00E+18,0.021,0.17,109.02295,82.964,-1.749
1,6.00E+18,0.021,0.19,146.8335,89.864,-2.134
1,6.00E+18,0.021,0.21,190.1885,96.36,-2.487
1,6.00E+18,0.021,0.23,238.5865,102.942,-2.878
1,6.00E+18,0.021,0.25,290.7805,109.8,-3.239
1,6.00E+18,0.021,0.27,344.1015,116.128,-3.64
1,6.00E+18,0.021,0.29,395.59,122.008,-4.008
1,6.00E+18,0.021,0.31,442.866,127.436,-4.417
1,6.00E+18,0.023,0.15,93.9134,68.0784,-1.683
1,6.00E+18,0.023,0.17,130.703,78.248,-2.082
1,6.00E+18,0.023,0.19,173.458,87.528,-2.472
1,6.00E+18,0.023,0.21,221.786,95.088,-2.89
1,6.00E+18,0.023,0.23,274.282,101.292,-3.291
1,6.00E+18,0.023,0.25,327.85,107.488,-3.705
1,6.00E+18,0.023,0.27,378.495,113.284,-4.133
1,6.00E+18,0.023,0.29,425.447,118.988,-4.55
1,6.00E+18,0.023,0.31,468.011,124.176,-4.973
1,6.00E+18,0.025,0.15,111.709,69.6304,-1.964
1,6.00E+18,0.025,0.17,152.845,78.988,-2.403
1,6.00E+18,0.025,0.19,199.928,86.66,-2.839
1,6.00E+18,0.025,0.21,251.536,92.828,-3.265
1,6.00E+18,0.025,0.23,304.316,98.912,-3.714
1,6.00E+18,0.025,0.25,354.169,104.848,-4.172
1,6.00E+18,0.025,0.27,400.718,110.368,-4.631
1,6.00E+18,0.025,0.29,444.078,115.784,-5.09
1,6.00E+18,0.025,0.31,483.961,120.804,-5.551
1,6.00E+18,0.027,0.15,129.822,70.48,-2.248
1,6.00E+18,0.027,0.17,174.988,78.596,-2.719
1,6.00E+18,0.027,0.19,225.298,84.68,-3.193
1,6.00E+18,0.027,0.21,277.446,90.876,-3.672
1,6.00E+18,0.027,0.23,326.906,96.756,-4.154
1,6.00E+18,0.027,0.25,373.106,102.364,-4.641
1,6.00E+18,0.027,0.27,416.575,107.628,-5.133
1,6.00E+18,0.027,0.29,457.819,112.808,-5.631
1,6.00E+18,0.027,0.31,495.976,117.604,-6.134
1,6.00E+18,0.029,0.15,148.136,70.608,-2.556
1,6.00E+18,0.029,0.17,196.598,77.152,-3.055
1,6.00E+18,0.029,0.19,248.072,83.2,-3.559
1,6.00E+18,0.029,0.21,297.565,89.008,-4.071
1,6.00E+18,0.029,0.23,343.629,94.616,-4.588
1,6.00E+18,0.029,0.25,387.008,99.964,-5.111
1,6.00E+18,0.029,0.27,428.62,105.112,-5.639
1,6.00E+18,0.029,0.29,468.478,110.012,-6.171
1,6.00E+18,0.029,0.31,505.463,114.512,-6.706
1,8.00E+18,0.015,0.15,32.90215,81.508,-0.626
1,8.00E+18,0.015,0.17,51.35175,89.704,-0.886
1,8.00E+18,0.015,0.19,74.22745,97.704,-1.149
1,8.00E+18,0.015,0.21,101.5753,105.528,-1.413
1,8.00E+18,0.015,0.23,133.414,113.124,-1.679
1,8.00E+18,0.015,0.25,169.751,120.556,-1.947
1,8.00E+18,0.015,0.27,210.509,127.828,-2.216
1,8.00E+18,0.015,0.29,255.4305,134.78,-2.486
1,8.00E+18,0.015,0.31,303.9995,141.158,-2.769
1,8.00E+18,0.017,0.15,48.27235,79.656,-0.904
1,8.00E+18,0.017,0.17,71.71465,87.536,-1.193
1,8.00E+18,0.017,0.19,100.04245,95.236,-1.482
1,8.00E+18,0.017,0.21,133.2765,102.7,-1.788
1,8.00E+18,0.017,0.23,171.4225,109.96,-2.102
1,8.00E+18,0.017,0.25,214.3885,117.012,-2.407
1,8.00E+18,0.017,0.27,261.856,123.6,-2.708
1,8.00E+18,0.017,0.29,313.112,130.04,-3.015
1,8.00E+18,0.017,0.31,366.456,136.32,-3.351
1,8.00E+18,0.019,0.15,65.03555,78.012,-1.186
1,8.00E+18,0.019,0.17,93.3636,85.536,-1.501
1,8.00E+18,0.019,0.19,126.994,92.788,-1.852
1,8.00E+18,0.019,0.21,165.91,99.888,-2.182
1,8.00E+18,0.019,0.23,209.9725,106.436,-2.507
1,8.00E+18,0.019,0.25,258.7345,113.226,-2.869
1,8.00E+18,0.019,0.27,311.1315,120.164,-3.206
1,8.00E+18,0.019,0.29,364.7395,126.188,-3.561
1,8.00E+18,0.019,0.31,416.474,132.088,-3.919
1,8.00E+18,0.021,0.15,82.8266,76.472,-1.472
1,8.00E+18,0.021,0.17,115.9409,83.592,-1.845
1,8.00E+18,0.021,0.19,154.697,90.756,-2.204
1,8.00E+18,0.021,0.21,198.9095,97.306,-2.58
1,8.00E+18,0.021,0.23,247.986,103.952,-2.949
1,8.00E+18,0.021,0.25,300.392,110.6,-3.334
1,8.00E+18,0.021,0.27,353.358,116.824,-3.708
1,8.00E+18,0.021,0.29,404.0645,122.472,-4.106
1,8.00E+18,0.021,0.31,450.5315,128.212,-4.482
1,8.00E+18,0.023,0.15,101.321,69.8544,-1.769
1,8.00E+18,0.023,0.17,139.234,79.796,-2.175
1,8.00E+18,0.023,0.19,183.017,88.744,-2.577
1,8.00E+18,0.023,0.21,232.148,95.64,-2.972
1,8.00E+18,0.023,0.23,284.922,102.096,-3.393
1,8.00E+18,0.023,0.25,337.761,107.984,-3.802
1,8.00E+18,0.023,0.27,387.305,114.06,-4.216
1,8.00E+18,0.023,0.29,433.398,119.508,-4.651
1,8.00E+18,0.023,0.31,475.361,124.844,-5.079
1,8.00E+18,0.025,0.15,120.651,71.312,-2.084
1,8.00E+18,0.025,0.17,163.026,80.332,-2.498
1,8.00E+18,0.025,0.19,211.06,87.24,-2.945
1,8.00E+18,0.025,0.21,262.977,93.64,-3.391
1,8.00E+18,0.025,0.23,314.875,99.64,-3.835
1,8.00E+18,0.025,0.25,363.671,105.5,-4.274
1,8.00E+18,0.025,0.27,409.09,111.204,-4.728
1,8.00E+18,0.025,0.29,451.814,116.436,-5.196
1,8.00E+18,0.025,0.31,491.262,121.276,-5.667
1,8.00E+18,0.027,0.15,140.42,72.028,-2.394
1,8.00E+18,0.027,0.17,186.764,79.38,-2.86
1,8.00E+18,0.027,0.19,237.555,85.644,-3.327
1,8.00E+18,0.027,0.21,288.822,91.604,-3.798
1,8.00E+18,0.027,0.23,337.024,97.376,-4.272
1,8.00E+18,0.027,0.25,381.988,103.104,-4.752
1,8.00E+18,0.027,0.27,424.754,108.512,-5.245
1,8.00E+18,0.027,0.29,465.517,113.576,-5.743
1,8.00E+18,0.027,0.31,503.35,118.244,-6.245
1,8.00E+18,0.029,0.15,160.369,71.76,-2.703
1,8.00E+18,0.029,0.17,209.639,77.916,-3.202
1,8.00E+18,0.029,0.19,260.456,83.86,-3.706
1,8.00E+18,0.029,0.21,308.475,89.8,-4.214
1,8.00E+18,0.029,0.23,353.132,95.444,-4.727
1,8.00E+18,0.029,0.25,395.701,100.852,-5.244
1,8.00E+18,0.029,0.27,436.772,106.012,-5.778
1,8.00E+18,0.029,0.29,476.252,110.88,-6.321
1,8.00E+18,0.029,0.31,512.988,115.392,-6.865
1,1.00E+19,0.015,0.15,35.34165,82.232,-0.663
1,1.00E+19,0.015,0.17,54.37605,90.424,-0.923
1,1.00E+19,0.015,0.19,77.82145,98.428,-1.184
1,1.00E+19,0.015,0.21,105.72945,106.264,-1.447
1,1.00E+19,0.015,0.23,138.1135,113.856,-1.712
1,1.00E+19,0.015,0.25,174.9975,121.256,-1.978
1,1.00E+19,0.015,0.27,216.28,128.42,-2.246
1,1.00E+19,0.015,0.29,261.6955,135.256,-2.533
1,1.00E+19,0.015,0.31,310.701,141.78,-2.823
1,1.00E+19,0.017,0.15,51.78385,80.36,-0.949
1,1.00E+19,0.017,0.17,75.937,88.232,-1.236
1,1.00E+19,0.017,0.19,104.949,95.876,-1.54
1,1.00E+19,0.017,0.21,138.853,103.296,-1.849
1,1.00E+19,0.017,0.23,177.6575,110.524,-2.152
1,1.00E+19,0.017,0.25,221.242,117.532,-2.451
1,1.00E+19,0.017,0.27,269.2565,124.25,-2.748
1,1.00E+19,0.017,0.29,320.9105,130.836,-3.083
1,1.00E+19,0.017,0.31,374.3135,137.072,-3.402
1,1.00E+19,0.019,0.15,69.75465,78.68,-1.24
1,1.00E+19,0.019,0.17,98.91935,86.116,-1.583
1,1.00E+19,0.019,0.19,133.359,93.496,-1.914
1,1.00E+19,0.019,0.21,173.057,100.68,-2.235
1,1.00E+19,0.019,0.23,217.8295,107.226,-2.589
1,1.00E+19,0.019,0.25,267.1645,113.78,-2.929
1,1.00E+19,0.019,0.27,319.815,120.64,-3.262
1,1.00E+19,0.019,0.29,373.2095,126.88,-3.631
1,1.00E+19,0.019,0.31,424.325,132.768,-3.972
1,1.00E+19,0.021,0.15,88.8883,77.128,-1.557
1,1.00E+19,0.021,0.17,122.969,84.468,-1.921
1,1.00E+19,0.021,0.19,162.6465,91.504,-2.28
1,1.00E+19,0.021,0.21,207.6715,98.098,-2.659
1,1.00E+19,0.021,0.23,257.335,104.836,-3.021
1,1.00E+19,0.021,0.25,309.8225,111.308,-3.412
1,1.00E+19,0.021,0.27,362.3155,117.308,-3.787
1,1.00E+19,0.021,0.29,412.1915,123.284,-4.18
1,1.00E+19,0.021,0.31,457.8775,128.772,-4.574
1,1.00E+19,0.023,0.15,108.895,71.5312,-1.876
1,1.00E+19,0.023,0.17,147.899,81.236,-2.256
1,1.00E+19,0.023,0.19,192.693,89.828,-2.67
1,1.00E+19,0.023,0.21,242.488,96.484,-3.076
1,1.00E+19,0.023,0.23,295.321,102.644,-3.475
1,1.00E+19,0.023,0.25,347.234,108.828,-3.902
1,1.00E+19,0.023,0.27,395.927,114.616,-4.318
1,1.00E+19,0.023,0.29,441.009,120.292,-4.731
1,1.00E+19,0.023,0.31,482.411,125.244,-5.172
1,1.00E+19,0.025,0.15,129.807,72.892,-2.191
1,1.00E+19,0.025,0.17,173.337,81.492,-2.628
1,1.00E+19,0.025,0.19,222.185,88.132,-3.058
1,1.00E+19,0.025,0.21,274.122,94.188,-3.487
1,1.00E+19,0.025,0.23,324.904,100.372,-3.942
1,1.00E+19,0.025,0.25,372.513,106.216,-4.398
1,1.00E+19,0.025,0.27,417.089,111.672,-4.854
1,1.00E+19,0.025,0.29,459.232,117.128,-5.31
1,1.00E+19,0.025,0.31,498.275,122.052,-5.766
1,1.00E+19,0.027,0.15,151.215,73.376,-2.511
1,1.00E+19,0.027,0.17,198.583,80.168,-2.977
1,1.00E+19,0.027,0.19,249.514,86.216,-3.452
1,1.00E+19,0.027,0.21,299.566,92.368,-3.93
1,1.00E+19,0.027,0.23,346.419,98.236,-4.413
1,1.00E+19,0.027,0.25,390.447,103.752,-4.9
1,1.00E+19,0.027,0.27,432.586,108.972,-5.393
1,1.00E+19,0.027,0.29,472.912,114.116,-5.891
1,1.00E+19,0.027,0.31,510.442,118.88,-6.394
1,1.00E+19,0.029,0.15,172.737,72.492,-2.86
1,1.00E+19,0.029,0.17,222.442,78.772,-3.359
1,1.00E+19,0.029,0.19,272.107,84.796,-3.864
1,1.00E+19,0.029,0.21,318.563,90.608,-4.374
1,1.00E+19,0.029,0.23,362.139,96.148,-4.889
1,1.00E+19,0.029,0.25,404.002,101.472,-5.41
1,1.00E+19,0.029,0.27,444.592,106.572,-5.935
1,1.00E+19,0.029,0.29,483.73,111.408,-6.464
1,1.00E+19,0.029,0.31,520.232,115.916,-6.997
